epglnren,sup_riscaldata,sup_raffrescata,vol_riscaldato,vol_raffrescato,sup_disperdente,rapsv,asolsut,presenza_clim_invernale,presenza_clim_estiva,presenza_produzione_acs,yie,anno_costruzione,zona_climatica,d_uso_Residenziale,tipologia_edilizia,tipologia_costruttiva,num_servizi,efficienza_media,potenza_tot,num_simulati,piano
193.17,72.29,72.29,261.13,261.13,176.77,0.6769,0.055,True,True,True,0.156,1992-2005,D,True,altro,c.a. con laterizi,3,0.6,29.62,0,ground
177.51,60.0,60.0,217.08,217.08,171.9,0.7918,0.034,True,True,True,0.541,1961-1975,D,True,blocco,legno,3,0.7166666666666667,13.0,0,underground
128.32,65.3,27.12,241.18,102.94,79.76,0.3307,0.0601,True,True,True,0.7034,1976-1985,D,True,plurifamiliare,c.a. con laterizi,3,0.5933333333333334,50.599999999999994,0,upper
158.86,18.81,18.81,82.5,82.5,78.21,0.9479,0.0303,True,True,False,0.4902,1946-1960,D,False,plurifamiliare,muratura portante,3,0.675,7.4399999999999995,0,ground
218.51,73.96,73.96,331.86,331.86,262.86,0.7921,0.0445,True,True,True,0.3858,1961-1975,D,True,plurifamiliare,c.a. con laterizi,3,0.7533333333333334,50.9,0,ground
68.01,199.9,199.9,719.13,719.13,682.21,0.9487,0.0284,True,True,True,0.2073,1976-1985,D,False,plurifamiliare,c.a. con laterizi,3,0.48333333333333334,107.84,0,ground
194.54,85.1,85.1,327.0,327.0,220.68,0.6749,0.0537,True,True,True,0.7013,1961-1975,D,True,plurifamiliare,c.a. con laterizi,3,0.5866666666666667,30.4,0,upper
94.98,91.96,91.96,336.51,336.51,176.8,0.5254,0.0522,True,True,True,0.1048,after 2007,D,True,plurifamiliare,c.a. con laterizi,3,0.7633333333333333,31.35,0,multi_floor
208.66,100.02,59.45,299.34,176.88,203.86,0.6811,0.0241,True,True,True,0.2537,1976-1985,D,True,plurifamiliare,c.a. con laterizi,3,0.6933333333333334,28.5,0,upper
282.69,178.0,178.0,1645.55,1645.55,820.6,0.4986,0.0053,True,True,True,0.3237,1930-1945,D,True,monofamiliare,muratura portante,3,0.77,32.0,1,unknown
422.48,70.5,70.5,335.0,335.0,53.3,0.1591,0.1144,True,True,True,0.5125,1930-1945,D,False,in linea,muratura portante,4,0.2233333333333333,46.1,0,ground
356.32,47.3,47.3,184.3,184.3,58.5,0.3174,0.0095,True,True,True,0.136,1946-1960,D,True,schiera,muratura portante,3,0.7133333333333334,51.0,0,upper
177.7,80.78,80.78,266.43,266.43,66.07,0.248,0.0254,True,True,True,0.1567,1992-2005,D,False,plurifamiliare,prefabbricata in c.a.,4,0.6833333333333332,307.12,0,upper
177.7,80.78,80.78,266.44,266.44,66.07,0.248,0.0254,True,True,True,0.1567,1992-2005,D,False,plurifamiliare,prefabbricata in c.a.,4,0.6833333333333332,307.12,0,upper
93.69,147.24,18.69,628.86,88.25,366.38,0.5826,0.0359,True,True,True,0.1228,1961-1975,D,True,plurifamiliare,muratura portante,3,0.8033333333333333,28.5,0,multi_floor
108.34,33.92,33.92,120.12,120.12,94.91,0.7901,0.0315,True,True,True,0.067,1961-1975,D,True,blocco,mista (c.a. + laterizi),3,0.5933333333333334,9.25,0,ground
50.01,136.4,136.4,522.29,522.29,105.75,0.2025,0.0157,True,True,True,0.0325,1961-1975,D,True,in linea,c.a. con laterizi,3,0.7466666666666667,42.6,0,upper
157.22,70.19,39.2,266.1,147.31,179.49,0.6745,0.0192,True,True,True,0.1479,before 1930,D,True,schiera,muratura portante,3,0.9033333333333333,53.06,0,upper
57.63,82.35,76.55,328.9,308.6,248.73,0.7563,0.0058,True,True,True,0.244,1946-1960,D,False,monofamiliare,muratura portante,3,0.8233333333333333,43.480000000000004,0,upper
472.78,56.94,56.94,215.76,215.76,253.78,1.1762,0.1435,True,True,True,0.578,before 1930,D,False,altro,muratura portante,4,0.39333333333333337,23.9,0,ground
201.06,76.95,76.95,356.38,356.38,195.25,0.5479,0.0903,True,True,True,0.4027,1992-2005,D,False,in linea,c.a. con laterizi,4,0.5433333333333333,8.969999999999999,0,ground
144.6,143.83,143.83,556.63,556.63,209.58,0.3765,0.0983,True,True,True,0.4661,1976-1985,D,False,altro,c.a. con laterizi,4,0.5033333333333333,31.75,0,upper
82.38,154.31,154.31,647.41,647.41,337.26,0.5209,0.0116,True,True,True,0.0659,1946-1960,D,True,in linea,c.a. con laterizi,4,0.5975,48.06,0,upper
88.41,51.78,51.78,236.56,236.56,153.1,0.6472,0.018,True,True,True,0.1163,1946-1960,D,True,in linea,c.a. con laterizi,4,0.6425000000000001,14.46,0,upper
203.49,55.2,22.52,215.85,90.84,181.2,0.8395,0.1176,True,True,True,0.1261,2006-2007,D,True,bifamiliare,c.a. con laterizi,3,0.9233333333333333,50.9,0,upper
48.34,59.59,59.59,302.04,302.04,228.77,0.7574,0.0085,True,True,True,0.0082,1961-1975,D,True,plurifamiliare,c.a. con laterizi,3,0.5366666666666666,21.65,0,ground
182.35,40.53,40.53,163.32,163.32,136.36,0.8349,0.032,True,True,True,0.0232,1946-1960,D,True,monofamiliare,muratura portante,3,0.7266666666666666,25.4,0,upper
127.88,65.4,65.4,217.0,217.0,135.04,0.6223,0.069,True,False,True,0.2475,1961-1975,D,True,bifamiliare,muratura portante,2,0.71,46.34,0,multi_floor
253.26,39.15,39.15,244.43,244.43,130.06,0.5321,0.0581,True,False,True,0.466,after 2007,D,True,bifamiliare,muratura portante,2,0.69,46.34,0,upper
93.12,26.48,26.48,111.46,111.46,59.94,0.5377,0.0515,True,True,False,0.017,1930-1945,D,False,altro,mista (c.a. + laterizi),2,0.625,47.4,0,ground
251.16,63.22,63.22,241.63,241.63,185.65,0.7683,0.0091,True,True,True,0.4585,1946-1960,D,True,in linea,muratura portante,3,0.5866666666666667,61.0,0,upper
137.29,110.0,110.0,375.66,375.66,176.35,0.4694,0.0249,True,True,True,0.4171,1961-1975,D,True,in linea,mista (c.a. + laterizi),3,0.6433333333333334,28.5,0,ground
147.1,78.1,57.6,349.23,256.63,242.92,0.6956,0.0172,True,True,True,0.0761,1961-1975,D,True,in linea,muratura portante,3,0.9133333333333332,35.2,0,ground
114.97,146.25,146.25,585.88,585.88,567.49,0.9686,0.0683,True,True,True,0.6639,1976-1985,D,True,bifamiliare,c.a. con laterizi,4,0.8433333333333334,55.0,0,ground
174.35,22.21,22.21,122.54,122.54,76.33,0.6229,0.1881,True,True,False,0.0162,before 1930,D,False,in linea,muratura portante,2,0.855,7.800000000000001,0,ground
32.29,119.98,119.98,636.47,636.47,356.38,0.5599,0.0032,True,False,True,0.0623,after 2007,D,True,altro,altro,2,0.6599999999999999,17.4,0,unknown
117.89,102.9,59.03,348.74,197.78,114.06,0.3271,0.0243,True,True,True,0.6447,1976-1985,D,True,plurifamiliare,c.a. con laterizi,3,0.86,29.759999999999998,0,upper
160.32,82.25,82.25,340.73,340.73,247.39,0.7261,0.0398,True,True,True,0.1724,1946-1960,D,True,in linea,muratura portante,3,0.81,32.2,0,multi_floor
108.73,38.38,38.38,158.33,158.33,106.84,0.6748,0.0411,True,False,True,0.1411,1961-1975,D,True,plurifamiliare,muratura portante,2,0.88,43.88,0,ground
129.14,61.91,61.91,199.09,199.09,87.48,0.4394,0.0537,True,True,True,0.1372,1992-2005,D,True,in linea,muratura portante,3,0.6933333333333334,55.0,0,ground
172.25,119.12,58.16,449.54,212.48,302.6,0.6731,0.0306,True,True,True,0.5271,after 2007,D,True,schiera,c.a. con laterizi,3,0.6066666666666666,32.3,0,multi_floor
115.97,160.24,160.24,532.41,532.41,279.8,0.5255,0.0053,True,True,True,0.4569,1986-1991,D,True,in linea,muratura portante,3,0.6733333333333333,53.0,0,multi_floor
141.21,146.24,78.95,605.28,287.2,335.81,0.5548,0.0607,True,True,True,0.6043,1946-1960,D,True,monofamiliare,muratura portante,3,0.7799999999999999,32.050000000000004,0,multi_floor
142.99,81.38,81.38,285.05,285.05,190.91,0.6697,0.0533,True,True,True,0.5813,1961-1975,D,False,plurifamiliare,c.a. con laterizi,4,0.6933333333333334,51.05,0,upper
201.04,110.75,110.75,399.67,399.67,273.66,0.6847,0.0233,True,True,True,0.7018,before 1930,D,True,corte,muratura portante,3,0.8566666666666666,57.0,0,multi_floor
93.87,75.63,75.63,216.99,216.99,54.89,0.2529,0.0232,True,True,True,0.6437,1986-1991,D,True,bifamiliare,c.a. con laterizi,3,0.7833333333333333,51.3,0,underground
262.6,48.33,48.33,205.95,205.95,161.28,0.7831,0.0207,True,True,True,0.6449,1986-1991,D,True,monofamiliare,c.a. con laterizi,3,0.8166666666666668,50.4,0,ground
77.9,93.34,62.78,321.17,214.12,103.93,0.3236,0.0563,True,True,True,0.3132,1961-1975,D,True,plurifamiliare,c.a. con laterizi,3,0.8300000000000001,52.0,0,upper
86.12,41.82,41.82,150.2,150.2,73.47,0.4891,0.0118,True,True,True,0.075,before 1930,D,True,schiera,muratura portante,3,0.6833333333333332,31.32,0,upper
136.56,39.48,39.48,145.52,145.52,110.24,0.7576,0.0151,True,True,True,0.3525,1986-1991,D,True,blocco,c.a. con laterizi,3,0.6433333333333333,6.3,0,upper
120.91,33.11,33.11,130.25,130.25,58.26,0.4473,0.0181,True,True,True,0.0568,after 2007,D,True,plurifamiliare,c.a. con laterizi,3,0.5933333333333334,28.5,0,upper
295.93,80.87,21.97,311.32,83.89,312.55,1.0039,0.0455,True,True,True,0.4343,1976-1985,E,True,plurifamiliare,muratura portante,3,0.6,47.15,0,upper
232.95,45.15,45.15,187.53,187.53,134.14,0.7153,0.0854,True,True,True,0.1413,1992-2005,D,True,monofamiliare,c.a. con laterizi,3,0.39999999999999997,6.82,1,upper
27.68,97.46,97.46,424.03,424.03,413.13,0.9743,0.0276,True,True,True,0.0328,2006-2007,D,False,monofamiliare,muratura portante,3,0.7533333333333333,105.2,0,multi_floor
84.37,70.82,54.04,270.78,209.0,207.62,0.7667,0.0314,True,True,True,0.0147,after 2007,D,True,schiera,c.a. con laterizi,3,0.6699999999999999,29.8,0,ground
218.47,102.0,102.0,387.76,387.76,254.84,0.6572,0.0198,True,True,True,0.726,1961-1975,D,True,in linea,muratura portante,3,0.7533333333333333,54.2,0,upper
133.38,41.45,41.45,117.18,117.18,43.4,0.3703,0.0009,True,True,True,0.0975,after 2007,D,True,in linea,legno,3,0.6766666666666667,51.79,0,upper
114.28,45.0,45.0,185.82,185.82,159.65,0.8592,0.0028,True,True,True,0.2308,1976-1985,D,True,in linea,muratura portante,3,0.5166666666666667,11.8,0,underground
123.62,88.2,88.2,247.16,247.16,127.93,0.5176,0.0712,True,True,True,0.2374,1961-1975,D,True,plurifamiliare,mista (c.a. + laterizi),3,0.75,30.5,0,multi_floor
470.86,47.65,47.65,240.0,240.0,193.42,0.8059,0.164,True,False,True,0.6798,after 2007,D,False,altro,altro,2,0.72,46.34,0,ground
329.48,122.17,36.71,486.39,148.66,482.56,0.9921,0.065,True,True,True,0.5592,1961-1975,D,True,monofamiliare,c.a. con laterizi,3,0.6833333333333332,51.9,0,ground
236.81,72.46,72.46,248.62,248.62,177.56,0.7142,0.0123,True,True,True,1.3837,before 1930,D,True,in linea,muratura portante,3,0.7933333333333333,28.900000000000002,0,upper
147.25,83.6,64.63,346.49,267.98,212.03,0.6119,0.05,True,True,True,0.2968,1961-1975,D,True,bifamiliare,c.a. con laterizi,3,0.7966666666666665,54.7,0,upper
123.62,30.32,30.32,118.06,118.06,77.77,0.6587,0.0591,True,True,True,0.14,1976-1985,D,True,schiera,c.a. con laterizi,3,0.9066666666666666,30.5,0,ground
118.88,157.11,157.11,627.35,627.35,243.28,0.3878,0.0672,True,True,True,0.7834,1992-2005,D,False,schiera,c.a. con chiusure in pannelli prefabbricati,3,0.8300000000000001,11.8,0,ground
85.41,56.87,26.38,200.34,90.13,136.65,0.6821,0.0747,True,True,True,0.1465,after 2007,D,True,plurifamiliare,mista (c.a. + laterizi),3,0.8333333333333334,55.599999999999994,0,ground
109.77,47.33,47.33,165.59,165.59,67.82,0.4096,0.0253,True,True,True,0.4191,1976-1985,D,True,in linea,c.a. con laterizi,3,0.5933333333333334,10.0,0,upper
195.12,91.4,91.4,380.83,380.83,165.79,0.4353,0.0815,True,True,True,0.2215,1961-1975,D,True,plurifamiliare,muratura portante,3,0.8566666666666668,34.7,0,upper
110.69,64.01,64.01,245.99,245.99,130.89,0.5321,0.0432,True,True,True,0.0309,before 1930,D,True,plurifamiliare,muratura portante,3,0.6333333333333333,17.6,0,upper
226.29,270.68,270.68,961.81,961.81,535.42,0.5567,0.0686,True,False,False,0.1102,1930-1945,D,False,altro,altro,1,0.64,58.0,0,unknown
263.78,56.01,38.03,245.41,166.26,265.97,1.0838,0.066,True,True,True,0.248,2006-2007,D,True,plurifamiliare,c.a. con laterizi,3,0.8133333333333334,60.5,0,upper
93.99,157.5,157.5,590.95,590.95,283.03,0.4789,0.0612,True,True,True,0.2005,2006-2007,D,True,schiera,c.a. con laterizi,3,0.9133333333333334,29.0,0,multi_floor
320.32,10.86,10.86,43.89,43.89,38.52,0.8775,0.0932,True,True,False,0.2384,2006-2007,D,False,piastra,altro,2,0.78,8.0,0,ground
345.48,71.86,71.86,273.56,273.56,169.79,0.6207,0.0889,True,True,True,0.2049,1992-2005,D,False,plurifamiliare,c.a. con laterizi,4,0.7133333333333334,30.650000000000002,0,ground
138.19,97.0,97.0,335.0,335.0,200.01,0.5971,0.0619,True,True,True,0.0743,1976-1985,D,True,monofamiliare,muratura portante,3,0.8766666666666668,50.1,0,upper
173.84,42.0,42.0,157.5,157.5,148.33,0.9418,0.0601,True,True,True,0.4118,1961-1975,D,True,monofamiliare,muratura portante,3,0.46,8.7,0,ground
413.16,42.4,42.4,185.13,185.13,159.67,0.8625,0.071,True,True,True,0.5213,1976-1985,D,False,blocco,c.a. con laterizi,4,0.6266666666666667,16.27,0,ground
78.64,51.27,51.27,197.51,197.51,62.95,0.3187,0.0298,True,True,True,0.4844,before 1930,D,True,corte,muratura portante,3,0.4833333333333334,33.2,0,upper
143.47,94.37,94.37,331.88,331.88,219.9,0.6626,0.049,True,True,True,0.0244,1986-1991,E,True,plurifamiliare,c.a. con laterizi,3,0.8166666666666668,53.3,0,ground
187.43,95.55,95.55,312.0,312.0,85.05,0.2726,0.0783,True,False,True,0.1942,1992-2005,D,True,plurifamiliare,c.a. con laterizi,2,0.6699999999999999,42.66,0,upper
221.33,142.34,142.34,596.18,596.18,361.13,0.6058,0.0857,True,True,True,0.6754,1946-1960,D,True,plurifamiliare,c.a. con laterizi,3,0.6633333333333333,29.46,0,upper
88.85,92.8,92.8,326.77,326.77,217.71,0.6662,0.04,True,True,True,0.0243,1986-1991,E,True,plurifamiliare,c.a. con laterizi,3,0.9466666666666667,46.8,0,upper
152.14,954.7,954.7,2864.1,2864.1,1225.3,0.4278,0.0848,True,True,True,0.2431,1992-2005,D,False,plurifamiliare,prefabbricata in c.a.,4,0.45333333333333337,82.1,0,multi_floor
38.63,57.91,57.91,277.44,277.44,168.64,0.6079,0.009,True,True,True,0.0212,1961-1975,D,True,plurifamiliare,c.a. con laterizi,3,0.54,21.65,0,ground
68.95,103.68,103.68,452.13,452.13,300.62,0.6649,0.0926,True,True,True,0.01,1992-2005,E,True,plurifamiliare,c.a. con laterizi,3,0.5933333333333334,79.73,0,upper
33.2,120.93,120.93,501.75,501.75,320.83,0.6394,0.0238,True,True,True,0.0051,1961-1975,D,True,plurifamiliare,c.a. con laterizi,3,0.5533333333333333,21.65,0,multi_floor
30.19,103.28,103.28,441.88,441.88,284.66,0.6442,0.0681,True,True,True,0.0125,1992-2005,E,True,plurifamiliare,c.a. con laterizi,3,0.5566666666666666,53.129999999999995,0,ground
110.01,78.43,78.43,285.88,285.88,117.03,0.4094,0.0344,True,True,True,0.2726,2006-2007,E,True,monofamiliare,muratura portante,3,0.6633333333333333,58.2,0,upper
374.74,211.28,211.28,1462.61,1462.61,815.13,0.5573,0.0343,True,True,True,2.0798,1992-2005,D,False,plurifamiliare,c.a. con chiusure in pannelli prefabbricati,5,0.14333333333333334,58.78,0,ground
115.13,97.0,97.0,376.84,376.84,219.51,0.5825,0.089,True,True,True,0.0634,after 2007,D,True,in linea,muratura portante,3,0.7366666666666667,71.5,0,multi_floor
165.4,86.4,86.4,297.94,297.94,270.72,0.9086,0.0364,True,True,True,0.4432,1992-2005,D,True,in linea,muratura portante,3,0.7766666666666667,50.5,0,multi_floor
154.03,78.51,78.51,235.53,235.53,176.4,0.7489,0.036,True,True,True,0.523,1961-1975,D,True,plurifamiliare,c.a. con laterizi,3,0.7733333333333334,33.8,0,upper
106.13,67.16,51.33,317.4,245.74,153.62,0.484,0.0493,True,True,True,0.0599,after 2007,D,True,torre,c.a. con laterizi,3,0.8366666666666666,50.0,0,upper
168.36,65.12,65.12,251.08,251.08,192.78,0.7678,0.08,True,True,True,0.3471,1992-2005,D,True,plurifamiliare,c.a. con laterizi,3,0.6066666666666666,34.099999999999994,0,ground
14.75,123.94,123.94,478.62,478.62,266.39,0.5566,0.0093,True,True,True,0.0067,after 2007,D,True,altro,altro,4,0.645,23.5,0,multi_floor
8.5,124.39,124.39,476.81,476.81,264.92,0.5556,0.0093,True,True,True,0.0067,after 2007,D,True,altro,altro,3,0.89,23.4,0,multi_floor
301.09,195.15,52.77,773.59,215.19,678.3,0.8768,0.0416,True,True,True,0.166,1976-1985,D,True,in linea,c.a. con laterizi,3,0.5533333333333333,27.8,0,ground
15.24,125.52,125.52,489.75,489.75,334.98,0.684,0.0147,True,True,True,0.0,after 2007,D,True,altro,altro,4,0.6975,23.5,0,multi_floor
191.36,23.41,23.41,132.32,132.32,110.3,0.8336,0.1125,True,True,False,0.0197,before 1930,D,False,corte,muratura portante,3,0.865,7.87,0,ground
260.69,122.67,122.67,537.86,537.86,382.91,0.7119,0.0157,True,True,True,0.1281,1976-1985,E,True,bifamiliare,muratura portante,3,0.5133333333333333,24.3,0,upper
85.38,256.12,231.09,938.98,844.19,512.58,0.5459,0.0089,True,True,True,0.1925,after 2007,D,True,torre,muratura portante,3,0.7833333333333333,23.03,0,upper
140.31,126.12,126.12,471.83,471.83,121.8,0.2581,0.0154,True,True,True,0.1993,1961-1975,D,True,plurifamiliare,muratura portante,3,0.85,53.8,0,upper
208.04,60.47,60.47,280.27,280.27,171.21,0.6109,0.0978,True,True,True,0.1148,1992-2005,E,True,schiera,c.a. con laterizi,3,0.59,27.8,0,multi_floor
106.98,82.67,82.67,317.6,317.6,202.42,0.6374,0.0235,True,True,True,0.0846,1992-2005,E,True,monofamiliare,muratura portante,3,0.8233333333333333,54.400000000000006,0,ground
158.17,60.8,60.8,198.93,198.93,156.89,0.7887,0.0142,True,True,True,0.1596,after 2007,D,True,in linea,muratura portante,3,0.6733333333333333,50.5,0,underground
49.77,239.33,226.86,1170.45,1107.77,809.48,0.6916,0.0653,True,True,True,0.0722,1992-2005,D,False,monofamiliare,muratura portante,4,0.6675,62.64,0,multi_floor
64.23,240.34,234.09,1180.31,1144.5,759.4,0.6434,0.0552,True,True,True,0.0724,1992-2005,D,False,monofamiliare,muratura portante,4,0.3925,42.089999999999996,0,multi_floor
1.1,98.25,98.25,406.97,406.97,276.13,0.6785,0.0248,True,True,True,0.031,after 2007,D,True,plurifamiliare,c.a. con laterizi,4,0.8150000000000001,25.6,0,ground
1.08,95.61,95.61,399.68,399.68,265.28,0.6637,0.0186,True,True,True,0.0281,after 2007,D,True,plurifamiliare,c.a. con laterizi,4,0.83,25.6,0,ground
0.71,93.22,93.22,392.95,392.95,269.25,0.6852,0.0257,True,True,True,0.0299,after 2007,D,True,plurifamiliare,c.a. con laterizi,4,0.8275,25.6,0,ground
1.01,77.63,77.63,327.08,327.08,223.49,0.6833,0.0099,True,True,True,0.029,after 2007,D,True,plurifamiliare,c.a. con laterizi,4,0.82,25.6,0,ground
1.06,96.01,96.01,384.5,384.5,177.14,0.4607,0.0262,True,True,True,0.0329,after 2007,D,True,plurifamiliare,c.a. con laterizi,4,0.7999999999999999,25.6,0,upper
4.54,99.95,99.95,395.34,395.34,173.7,0.4394,0.0289,True,True,True,0.033,after 2007,D,True,plurifamiliare,c.a. con laterizi,4,0.8525,25.6,0,upper
150.76,45.1,45.1,128.53,128.53,99.54,0.7744,0.0924,True,True,True,0.0142,before 1930,D,False,in linea,muratura portante,4,0.49666666666666665,12.1,0,ground
6.81,74.14,74.14,327.35,327.35,236.24,0.7217,0.0273,True,True,True,0.0217,after 2007,D,True,plurifamiliare,c.a. con laterizi,4,0.8175,25.6,0,upper
7.25,95.32,95.32,412.5,412.5,281.08,0.6814,0.0299,True,True,True,0.0215,after 2007,D,True,plurifamiliare,c.a. con laterizi,4,0.865,25.6,0,upper
307.74,76.2,76.2,301.52,301.52,218.04,0.7231,0.0223,True,True,True,0.6833,1992-2005,D,True,plurifamiliare,c.a. con laterizi,3,0.9199999999999999,56.8,0,upper
113.29,18.71,18.71,73.86,73.86,91.31,1.2363,0.0343,True,True,True,0.3224,1986-1991,D,True,blocco,c.a. con laterizi,3,0.5066666666666667,8.0,0,ground
143.92,74.76,74.76,288.86,288.86,93.07,0.3221,0.0322,True,True,True,0.082,1961-1975,D,True,plurifamiliare,muratura portante,3,0.7433333333333333,45.0,0,upper
103.65,30.79,30.79,114.3,114.3,50.32,0.4402,0.107,True,True,True,0.1262,1986-1991,D,True,blocco,c.a. con laterizi,3,0.9500000000000001,9.4,0,upper
266.35,82.68,82.68,318.64,318.64,220.17,0.691,0.0037,True,True,True,0.4703,1986-1991,D,True,plurifamiliare,muratura portante,3,0.75,48.5,0,upper
128.45,56.0,56.0,194.89,194.89,97.71,0.5014,0.0403,True,True,True,0.5853,1946-1960,D,True,torre,c.a. con laterizi,3,0.8166666666666668,27.5,0,upper
127.57,42.5,42.5,128.19,128.19,51.65,0.4029,0.0525,True,True,True,0.7324,1976-1985,D,True,in linea,muratura portante,3,0.7133333333333334,50.5,0,upper
200.3,107.26,107.26,421.21,421.21,172.4,0.4093,0.0228,True,True,True,0.2448,2006-2007,D,False,in linea,c.a. con laterizi,5,0.9133333333333332,52.3,0,upper
153.17,65.24,65.24,262.31,262.31,176.62,0.6733,0.0201,True,True,True,0.344,before 1930,D,True,in linea,muratura portante,3,0.6466666666666666,16.1,0,upper
173.05,41.05,41.05,164.07,164.07,55.57,0.3387,0.0726,True,True,True,0.4252,1946-1960,D,True,plurifamiliare,mista (c.a. + laterizi),3,0.6666666666666666,15.6,0,upper
105.59,94.38,40.29,338.53,134.37,305.86,0.9035,0.0622,True,True,True,0.1,after 2007,D,True,schiera,c.a. con laterizi,3,0.9166666666666666,34.6,0,multi_floor
280.6,91.4,53.04,340.01,194.01,249.04,0.7325,0.0328,True,True,True,0.6136,1986-1991,D,True,plurifamiliare,c.a. con laterizi,3,0.9233333333333333,54.2,0,upper
144.83,66.9,66.9,254.78,254.78,194.06,0.7617,0.0111,True,True,True,0.3795,1986-1991,D,True,bifamiliare,c.a. con laterizi,3,0.8266666666666667,51.9,0,ground
163.6,35.17,35.17,140.09,140.09,35.17,0.251,0.0062,True,True,True,0.541,1992-2005,D,True,in linea,legno,3,0.38666666666666666,8.5,0,underground
139.43,110.17,110.17,531.96,531.96,399.74,0.7515,0.0352,True,True,True,0.0742,1946-1960,D,False,schiera,muratura portante,4,0.385,10.6,0,multi_floor
2.95,106.91,106.91,598.64,598.64,312.74,0.5224,0.0207,True,False,True,0.0515,after 2007,D,True,plurifamiliare,c.a. con laterizi,2,0.8200000000000001,18.0,0,upper
552.89,119.59,119.59,442.88,442.88,476.2,1.0752,0.0945,True,True,True,0.5391,after 2007,D,False,blocco,c.a. con chiusure in pannelli prefabbricati,5,0.7966666666666665,79.77,0,multi_floor
622.62,61.48,61.48,254.08,254.08,103.07,0.4057,0.0658,True,True,True,0.0197,before 1930,D,False,in linea,muratura portante,4,0.6266666666666667,25.56,0,ground
271.96,49.81,49.81,184.2,184.2,60.42,0.328,0.0891,True,True,True,0.1276,after 2007,D,True,torre,c.a. con laterizi,3,0.45,50.6,0,upper
125.66,114.69,114.69,423.39,423.39,294.04,0.6945,0.0219,True,True,True,0.1428,1976-1985,D,True,bifamiliare,c.a. con laterizi,3,0.82,35.7,0,upper
254.75,32.25,32.25,121.59,121.59,101.32,0.8333,0.0551,True,True,True,0.9185,1976-1985,D,True,monofamiliare,muratura portante,3,0.6166666666666667,53.8,0,multi_floor
303.03,40.07,40.07,164.39,164.39,205.71,1.2513,0.1006,True,True,True,2.0228,1946-1960,D,True,torre,c.a. con laterizi,3,0.7799999999999999,3.5,2,underground
197.99,95.09,95.09,386.86,386.86,379.46,0.9809,0.1539,True,True,True,1.0308,1946-1960,D,True,torre,muratura portante,3,0.9266666666666667,49.5,0,ground
82.67,121.3,34.78,464.46,124.98,291.93,0.6285,0.0439,True,True,True,0.2318,1976-1985,D,True,monofamiliare,muratura portante,3,0.7866666666666666,25.6,0,ground
62.81,50.97,50.97,203.11,203.11,144.85,0.7132,0.0208,True,True,True,0.0325,1976-1985,D,True,plurifamiliare,altro,3,0.9033333333333333,53.64,0,ground
63.46,59.52,59.52,215.02,215.02,91.56,0.4258,0.0226,True,True,True,0.0375,1976-1985,D,True,plurifamiliare,altro,3,0.8966666666666666,54.06,0,upper
68.25,50.93,50.93,170.32,170.32,78.52,0.461,0.0266,True,True,True,0.0398,1976-1985,D,True,plurifamiliare,altro,3,0.87,52.2,0,upper
247.84,100.46,100.46,311.95,311.95,100.46,0.322,0.0148,True,True,True,0.541,1961-1975,D,True,in linea,legno,3,0.6366666666666667,49.4,0,upper
52.56,74.04,74.04,245.57,245.57,107.57,0.438,0.0235,True,True,True,0.0822,1976-1985,D,True,plurifamiliare,altro,3,0.9633333333333334,42.3,0,upper
741.54,300.0,300.0,1053.85,1053.85,632.69,0.6004,0.154,True,True,True,0.4049,1986-1991,D,False,plurifamiliare,c.a. con laterizi,5,0.6833333333333332,65.0,0,ground
216.64,78.64,78.64,321.48,321.48,247.05,0.7685,0.2555,True,True,True,0.6987,1992-2005,D,False,monofamiliare,muratura portante,4,0.6725,20.4,0,ground
252.36,48.98,40.53,192.41,159.21,138.41,0.7194,0.0123,True,True,True,0.5939,1986-1991,D,True,plurifamiliare,c.a. con laterizi,3,0.8966666666666666,51.8,0,upper
142.2,84.08,84.08,293.18,293.18,114.94,0.392,0.0526,True,True,True,0.2265,1992-2005,D,True,plurifamiliare,c.a. con laterizi,3,0.63,49.1,0,upper
82.89,72.99,21.79,273.72,81.62,183.37,0.6699,0.0714,True,True,True,0.0132,1992-2005,D,True,plurifamiliare,c.a. con laterizi,3,0.8099999999999999,25.9,0,upper
98.71,89.97,89.97,364.48,364.48,251.06,0.6888,0.0196,True,True,True,0.0822,after 2007,D,True,schiera,c.a. con laterizi,3,0.9799999999999999,34.1,0,upper
125.68,58.9,58.9,203.07,203.07,49.82,0.2453,0.0074,True,True,True,0.4171,1961-1975,D,True,in linea,c.a. con laterizi,3,0.62,50.9,0,upper
110.9,78.46,22.62,326.93,92.75,198.88,0.6083,0.0266,True,True,True,0.0678,1961-1975,D,True,plurifamiliare,c.a. con laterizi,3,0.5433333333333333,31.5,0,upper
255.33,41.46,41.46,169.71,169.71,115.98,0.6834,0.0431,True,True,True,0.3306,2006-2007,D,True,blocco,muratura portante,3,0.8433333333333334,125.0,0,multi_floor
119.25,134.92,134.92,538.5,538.5,354.26,0.6579,0.0162,True,True,True,0.5334,1986-1991,D,True,plurifamiliare,c.a. con laterizi,3,0.59,34.3,0,multi_floor
78.0,140.11,140.11,557.71,557.71,369.05,0.6617,0.0188,True,True,True,0.068,1986-1991,D,True,plurifamiliare,c.a. con laterizi,3,0.61,34.3,0,multi_floor
68.75,95.95,95.95,383.28,383.28,49.6,0.1294,0.039,True,True,True,0.2192,before 1930,D,True,in linea,muratura portante,3,0.8266666666666667,48.9,0,upper
189.04,47.95,47.95,187.59,187.59,138.63,0.739,0.0291,True,True,True,0.1362,before 1930,D,True,in linea,muratura portante,3,0.7833333333333333,51.2,0,upper
66.42,106.17,106.17,435.43,435.43,285.56,0.6558,0.0164,True,True,True,0.0098,1986-1991,D,True,plurifamiliare,c.a. con laterizi,3,0.5966666666666667,34.3,0,multi_floor
118.01,135.94,135.94,542.82,542.82,355.33,0.6546,0.0161,True,True,True,0.3977,1986-1991,D,True,plurifamiliare,c.a. con laterizi,3,0.59,34.3,0,multi_floor
93.17,44.82,44.82,160.67,160.67,91.63,0.5703,0.0087,True,True,True,0.14,1946-1960,D,True,blocco,c.a. con laterizi,3,0.9400000000000001,9.6,0,upper
33.68,102.49,102.49,443.6,443.6,352.9,0.7955,0.0239,True,True,True,0.0718,after 2007,D,True,monofamiliare,legno,3,0.9866666666666667,21.3,0,multi_floor
33.92,234.45,234.45,781.32,781.32,168.97,0.2163,0.0402,True,True,False,0.0618,1992-2005,D,False,altro,mista (c.a. + laterizi),2,0.66,156.0,0,ground
300.43,65.54,65.54,266.37,266.37,228.8,0.859,0.0533,True,False,True,0.1408,before 1930,D,True,blocco,muratura portante,2,0.73,39.68,0,upper
17.34,109.63,109.63,507.11,507.11,348.46,0.6872,0.0235,True,True,True,0.0164,1961-1975,D,True,bifamiliare,muratura portante,3,0.2733333333333333,36.15,0,ground
254.84,159.84,159.84,662.9,662.9,398.67,0.6014,0.05,True,False,True,0.4337,before 1930,D,True,in linea,muratura portante,2,0.76,48.04,0,unknown
190.21,98.14,98.14,451.82,451.82,310.4,0.687,0.0531,True,True,True,0.4282,1992-2005,D,False,blocco,c.a. con laterizi,4,0.4766666666666666,76.65,0,ground
220.94,140.81,140.81,547.37,547.37,300.06,0.5482,0.1057,True,True,True,0.2258,1986-1991,D,False,blocco,c.a. con laterizi,4,0.86,84.82,0,upper
381.56,90.63,90.63,354.25,354.25,126.47,0.357,0.0922,True,True,True,0.632,1961-1975,D,True,plurifamiliare,c.a. con laterizi,3,0.45,32.7,0,upper
212.6,34.06,34.06,137.66,137.66,83.49,0.6064,0.1092,True,True,True,0.2208,1986-1991,D,False,blocco,c.a. con laterizi,4,0.7466666666666667,83.52,0,upper
220.98,220.0,220.0,800.0,800.0,404.5,0.5056,0.0988,True,True,True,0.1906,1992-2005,D,False,monofamiliare,muratura portante,4,0.4975,70.5,0,ground
122.27,64.0,64.0,226.8,226.8,148.76,0.6559,0.0307,True,True,True,0.0261,after 2007,D,True,monofamiliare,muratura portante,3,0.7566666666666667,57.4,0,ground
100.7,194.15,194.15,696.31,696.31,287.98,0.4136,0.0425,True,True,True,0.3324,1992-2005,D,True,schiera,c.a. con laterizi,3,0.9,58.2,0,multi_floor
346.74,41.6,41.6,193.35,193.35,105.36,0.5449,0.1514,True,True,True,0.2981,1992-2005,D,False,monofamiliare,muratura portante,4,0.755,19.4,1,ground
169.42,43.79,43.79,179.6,179.6,73.54,0.4095,0.1166,True,True,True,0.1213,1976-1985,E,True,in linea,c.a. con laterizi,3,0.7166666666666667,6.03,0,ground
190.92,65.14,65.14,247.46,247.46,178.82,0.7226,0.067,True,True,True,0.3035,1992-2005,D,True,plurifamiliare,c.a. con laterizi,3,0.6833333333333332,38.400000000000006,0,upper
228.65,34.12,34.12,145.7,145.7,86.0,0.5902,0.1494,True,True,True,0.3689,1976-1985,E,True,in linea,c.a. con laterizi,3,0.7266666666666667,5.5,0,ground
87.77,45.0,45.0,152.63,152.64,23.46,0.1537,0.0272,True,True,True,0.121,1946-1960,D,True,in linea,muratura portante,3,0.7766666666666667,50.8,0,upper
125.17,625.0,625.0,2687.5,2687.5,1696.68,0.6313,0.0506,True,True,True,0.6201,1961-1975,D,False,in linea,mista (c.a. + laterizi),4,0.49333333333333335,318.29999999999995,0,ground
89.5,73.46,73.46,277.36,277.36,79.05,0.285,0.07,True,True,True,0.5398,1961-1975,D,True,in linea,c.a. con laterizi,3,0.8266666666666667,50.65,0,upper
94.87,245.79,245.79,940.14,940.14,498.31,0.53,0.0088,True,True,True,0.2598,1976-1985,D,True,blocco,c.a. con laterizi,3,0.45,16.2,0,upper
82.99,75.77,69.79,243.79,222.21,71.39,0.2929,0.0414,True,True,True,0.1662,1986-1991,D,True,blocco,c.a. con laterizi,3,0.8133333333333334,51.9,0,upper
350.53,72.98,72.98,304.65,304.65,225.68,0.7408,0.0734,True,True,True,0.3148,1976-1985,D,True,in linea,c.a. con laterizi,3,0.44333333333333336,50.7,0,ground
108.86,153.45,153.45,587.6,587.6,380.4,0.6474,0.0552,True,True,True,0.1594,1961-1975,D,True,plurifamiliare,muratura portante,3,0.5466666666666666,15.940000000000001,0,ground
115.28,76.23,76.23,221.07,221.07,135.97,0.6151,0.043,True,True,True,0.11,1961-1975,D,True,plurifamiliare,c.a. con laterizi,3,0.8033333333333333,136.2,0,multi_floor
208.15,97.17,97.17,260.43,260.43,105.48,0.405,0.0755,True,True,True,0.0751,after 2007,D,False,plurifamiliare,c.a. con laterizi,4,0.45999999999999996,37.4,0,multi_floor
196.21,194.54,194.54,761.68,761.68,427.02,0.5606,0.0729,True,True,True,0.2827,1992-2005,D,False,monofamiliare,muratura portante,4,0.9275,56.6,0,ground
14.92,123.85,123.85,485.0,485.0,298.84,0.6162,0.0099,True,True,True,0.0051,after 2007,D,True,altro,altro,4,0.69,23.5,0,multi_floor
139.03,377.97,377.97,1443.22,1443.22,623.88,0.4323,0.0625,True,True,False,0.5086,1992-2005,D,False,monofamiliare,muratura portante,3,0.67,65.0,0,upper
131.29,91.87,14.12,345.79,52.46,231.38,0.6691,0.0463,True,True,True,0.1111,2006-2007,D,True,blocco,c.a. con laterizi,3,0.59,50.5,0,upper
0.04,107.17,107.17,442.31,442.31,267.38,0.6045,0.0223,True,False,True,0.0018,after 2007,D,True,plurifamiliare,c.a. con laterizi,2,0.855,18.0,0,ground
102.75,178.48,90.65,731.46,373.06,449.63,0.6147,0.014,True,True,True,0.1955,2006-2007,D,True,plurifamiliare,c.a. con laterizi,3,0.8766666666666666,35.5,0,multi_floor
0.11,64.97,64.97,376.95,376.95,241.74,0.6413,0.0215,True,False,True,0.0456,after 2007,D,True,plurifamiliare,c.a. con laterizi,2,0.825,12.0,0,upper
118.76,115.0,115.0,377.16,377.16,220.88,0.5856,0.1201,True,True,True,0.2941,after 2007,E,False,blocco,prefabbricata in c.a.,3,0.9700000000000001,17.23,0,upper
177.44,74.69,16.12,280.79,59.41,201.25,0.7167,0.0573,True,True,True,0.19,1992-2005,D,True,plurifamiliare,c.a. con laterizi,3,0.5033333333333333,30.1,0,upper
157.59,315.0,315.0,1551.38,1551.38,489.98,0.3158,0.0336,True,True,True,0.2169,after 2007,E,False,blocco,prefabbricata in c.a.,4,0.7266666666666666,40.81,0,upper
120.83,114.54,32.89,403.07,115.63,303.96,0.7541,0.0259,True,True,True,1.5163,1976-1985,D,True,blocco,c.a. con laterizi,3,0.5499999999999999,33.1,0,ground
156.61,118.42,5.77,476.38,22.56,370.15,0.777,0.0234,True,True,True,0.1727,1992-2005,D,True,plurifamiliare,c.a. con laterizi,3,0.45,35.8,0,ground
151.09,149.46,20.71,603.97,83.25,426.09,0.7055,0.0443,True,True,True,0.2378,1992-2005,D,True,plurifamiliare,c.a. con laterizi,3,0.64,35.8,0,ground
170.85,112.0,112.0,388.76,388.76,228.93,0.5888,0.0168,True,True,True,0.265,1986-1991,D,True,in linea,legno,3,0.7766666666666667,53.0,0,upper
108.45,102.63,102.63,309.94,309.94,103.71,0.3346,0.0376,True,True,True,0.629,1961-1975,D,True,in linea,c.a. con laterizi,3,0.6866666666666666,31.2,0,upper
156.7,118.16,6.19,477.43,24.42,371.55,0.7782,0.0282,True,True,True,0.1741,1992-2005,D,True,plurifamiliare,c.a. con laterizi,3,0.45,35.8,0,ground
115.83,83.6,83.6,250.8,250.8,198.5,0.7915,0.0533,True,True,True,0.2688,1992-2005,D,True,in linea,c.a. con laterizi,3,0.7599999999999999,33.1,0,upper
105.93,63.0,63.0,248.0,248.0,75.0,0.3024,0.0043,True,True,True,0.14,1946-1960,D,True,torre,muratura portante,3,0.79,38.9,0,upper
270.58,59.91,16.91,245.47,72.36,183.59,0.7479,0.0513,True,True,True,0.5899,1961-1975,D,True,plurifamiliare,c.a. con laterizi,3,0.47333333333333333,51.8,0,upper
255.5,259.37,259.37,1060.42,1060.42,877.52,0.8275,0.1866,True,True,True,0.4482,1992-2005,D,False,in linea,c.a. con chiusure in pannelli prefabbricati,4,0.9199999999999999,99.71,0,ground
63.44,69.19,69.19,241.23,241.23,142.78,0.5919,0.0162,True,True,True,0.0311,after 2007,D,True,plurifamiliare,c.a. con laterizi,3,0.8533333333333334,34.59,0,underground
134.18,141.23,141.23,660.24,660.24,328.13,0.497,0.0868,True,True,False,0.4144,2006-2007,D,False,piastra,c.a. con laterizi,3,0.72,35.04,0,ground
219.28,106.33,106.33,413.14,413.14,138.57,0.3354,0.068,True,True,True,0.3861,1976-1985,D,True,schiera,c.a. con laterizi,3,0.6466666666666666,34.120000000000005,0,upper
198.11,165.2,165.2,593.27,593.27,448.11,0.7553,0.0631,True,True,True,0.6136,1946-1960,D,True,plurifamiliare,c.a. con laterizi,3,0.9500000000000001,112.2,0,upper
109.74,155.7,155.7,590.04,590.04,122.11,0.207,0.0593,True,True,True,0.1361,1946-1960,D,True,plurifamiliare,c.a. con laterizi,3,0.57,6.6000000000000005,0,upper
249.13,90.45,29.4,315.6,106.37,100.03,0.317,0.0187,True,True,True,0.6525,1976-1985,E,True,torre,c.a. con laterizi,3,0.7399999999999999,30.0,0,upper
191.32,268.46,268.46,1399.88,1399.88,528.33,0.3774,0.009,True,True,True,0.0832,after 2007,D,False,torre,muratura portante,3,0.7466666666666666,59.0,0,upper
381.03,79.4,32.0,327.3,96.0,205.3,0.627,0.0684,True,True,True,0.305,1961-1975,D,False,altro,altro,4,0.9199999999999999,55.67,0,upper
46.61,194.5,194.5,694.48,694.48,162.29,0.2337,0.0524,True,True,False,0.4344,1961-1975,D,False,plurifamiliare,mista (c.a. + laterizi),3,0.855,11.22,0,ground
548.62,52.81,52.81,214.13,214.13,116.43,0.5437,0.0807,True,True,False,0.9421,1992-2005,D,False,schiera,c.a. con laterizi,3,0.3133333333333333,12.0,0,ground
148.69,107.93,47.2,427.63,183.06,266.02,0.6221,0.0244,True,True,True,0.2768,1992-2005,D,True,altro,c.a. con laterizi,3,0.7633333333333333,26.25,0,upper
242.8,72.72,72.72,285.42,285.42,144.8,0.5073,0.0205,True,True,True,0.1361,before 1930,D,True,altro,muratura portante,3,0.5566666666666666,24.6,0,ground
190.44,90.7,90.7,297.0,297.0,179.8,0.6054,0.1001,True,True,True,0.1319,1992-2005,D,True,schiera,c.a. con laterizi,3,0.6033333333333334,26.82,0,upper
245.99,73.21,73.21,282.19,282.19,200.5,0.7105,0.0115,True,True,True,0.1361,before 1930,D,True,altro,muratura portante,3,0.5233333333333333,24.6,0,upper
106.26,86.4,86.4,319.11,319.11,128.2,0.4017,0.0402,True,True,True,0.1314,1961-1975,D,True,plurifamiliare,c.a. con laterizi,3,0.8400000000000002,32.15,0,upper
176.97,106.37,47.65,424.07,188.46,266.02,0.6273,0.0269,True,True,True,0.0893,1992-2005,D,True,altro,c.a. con laterizi,3,0.7333333333333334,50.8,0,upper
149.97,97.33,97.33,345.56,345.56,191.21,0.5533,0.0435,True,False,True,1.1735,1961-1975,D,True,in linea,c.a. con laterizi,2,0.77,39.2,0,multi_floor
148.73,159.09,159.09,443.33,443.33,324.66,0.7323,0.041,True,True,True,0.2128,1976-1985,D,True,plurifamiliare,c.a. con laterizi,3,0.9,28.2,0,multi_floor
150.75,49.5,49.5,168.8,168.8,80.0,0.4739,0.0436,True,True,False,0.0198,1992-2005,E,False,blocco,c.a. con laterizi,2,0.5700000000000001,7.56,0,ground
172.07,112.0,112.0,412.0,412.0,129.66,0.3147,0.044,True,False,True,0.2267,1976-1985,E,True,monofamiliare,muratura portante,2,0.6950000000000001,52.16,0,upper
146.54,337.05,326.59,1208.06,1167.96,526.79,0.4361,0.0489,True,True,True,0.2951,1992-2005,D,False,monofamiliare,c.a. con chiusure in pannelli prefabbricati,4,0.8333333333333334,100.09,0,upper
153.18,84.45,84.45,327.22,327.22,170.45,0.5209,0.0084,True,True,True,0.3443,1961-1975,D,True,blocco,c.a. con laterizi,3,0.7966666666666667,54.92,0,upper
275.15,492.21,377.8,2007.31,1642.44,1934.29,0.9636,0.0277,True,True,True,0.8693,after 2007,D,False,corte,acciaio con chiusure in pannelli prefabbricati,4,0.9866666666666667,17.86,0,ground
122.65,126.5,126.5,419.29,419.29,133.7,0.3189,0.0599,True,True,True,0.5412,1961-1975,D,True,in linea,c.a. con laterizi,3,0.71,67.0,0,upper
175.62,67.39,67.39,263.04,263.04,173.83,0.6609,0.1562,True,True,False,0.0394,1976-1985,D,False,in linea,muratura portante,3,0.9249999999999999,11.399999999999999,0,ground
144.2,95.0,95.0,360.0,360.0,120.0,0.3333,0.031,True,False,True,0.2272,1946-1960,D,True,plurifamiliare,muratura portante,2,0.74,43.1,0,ground
194.17,59.66,24.06,217.66,86.27,129.99,0.5972,0.0577,True,True,True,0.3918,1986-1991,D,True,plurifamiliare,c.a. con laterizi,3,0.45999999999999996,33.379999999999995,0,upper
204.08,73.71,39.36,271.62,143.34,166.72,0.6138,0.0798,True,True,True,0.4589,1961-1975,D,True,in linea,c.a. con laterizi,3,0.7533333333333333,52.6,0,upper
78.3,72.7,72.7,226.0,226.0,83.97,0.3715,0.0552,True,False,True,0.2947,1992-2005,D,True,plurifamiliare,c.a. con laterizi,2,0.6599999999999999,48.66,0,upper
117.63,44.09,39.6,195.91,175.96,115.29,0.5885,0.0176,True,True,True,0.1647,1946-1960,D,True,altro,altro,3,0.8466666666666667,12.1,0,ground
183.85,75.74,65.15,312.5,245.01,257.35,0.8235,0.0376,True,True,True,0.1267,after 2007,D,True,plurifamiliare,c.a. con laterizi,3,0.73,51.5,0,multi_floor
107.96,137.41,85.69,529.73,334.85,318.71,0.6016,0.0142,True,True,True,0.196,1992-2005,D,True,schiera,c.a. con laterizi,3,0.8966666666666668,31.5,0,multi_floor
98.26,233.5,233.5,664.17,664.17,442.93,0.6669,0.03,True,True,True,0.1864,1976-1985,D,True,plurifamiliare,c.a. con laterizi,3,0.7600000000000001,32.4,0,multi_floor
161.45,46.3,46.3,198.65,198.65,136.68,0.688,0.038,True,True,True,0.3745,1930-1945,D,True,schiera,muratura portante,3,0.7599999999999999,36.650000000000006,0,upper
149.36,81.92,81.92,324.7,324.7,343.97,1.0593,0.0905,True,True,True,0.4757,1946-1960,D,True,monofamiliare,muratura portante,3,0.7933333333333333,28.7,0,upper
125.45,71.07,71.07,266.3,266.3,176.15,0.6615,0.0555,True,True,True,0.1059,1986-1991,D,True,in linea,c.a. con laterizi,3,0.7999999999999999,35.6,0,ground
278.09,72.79,72.79,259.01,259.01,157.38,0.6076,0.0216,True,True,True,0.5899,1961-1975,D,True,in linea,c.a. con laterizi,3,0.66,32.8,0,upper
131.8,98.5,75.33,377.25,289.62,149.55,0.3964,0.0331,True,True,True,0.6296,1961-1975,D,True,blocco,c.a. con laterizi,3,0.73,6.08,0,upper
252.62,69.85,69.85,266.24,266.24,160.41,0.6025,0.054,True,True,True,0.309,1961-1975,E,True,plurifamiliare,c.a. con laterizi,3,0.7866666666666667,52.0,0,upper
158.7,93.57,93.57,365.76,365.76,130.87,0.3578,0.0532,True,True,True,0.2616,1961-1975,D,True,torre,c.a. con laterizi,3,0.6566666666666666,51.6,0,upper
350.14,111.93,111.93,377.28,377.28,125.76,0.33,0.07,True,True,True,0.86,1976-1985,E,True,in linea,c.a. con laterizi,3,0.5533333333333333,27.57,0,upper
214.05,54.53,54.53,209.62,209.62,72.29,0.3448,0.028,True,True,True,0.47,1961-1975,D,True,plurifamiliare,legno,3,0.71,55.6,0,upper
193.92,105.68,105.68,373.68,373.68,195.93,0.5243,0.0266,True,True,True,0.488,1961-1975,D,True,plurifamiliare,c.a. con laterizi,3,0.8033333333333333,32.489999999999995,0,upper
264.39,46.45,46.45,208.87,208.87,141.1,0.6755,0.113,True,True,True,0.2705,1930-1945,D,True,plurifamiliare,mista (c.a. + laterizi),3,0.7566666666666665,51.5,0,upper
107.7,206.17,60.73,832.7,282.62,690.97,0.8293,0.0228,True,True,True,0.5448,1961-1975,D,True,monofamiliare,c.a. con laterizi,3,0.9199999999999999,36.0,0,multi_floor
99.76,106.45,106.45,303.38,303.38,115.94,0.3822,0.0409,True,True,True,0.4593,1976-1985,E,True,plurifamiliare,c.a. con laterizi,3,0.75,31.2,0,upper
173.23,70.92,70.92,235.22,235.22,64.75,0.2752,0.0164,True,True,True,0.6136,1961-1975,D,True,plurifamiliare,c.a. con laterizi,3,0.63,26.4,0,upper
100.92,81.57,81.57,293.94,293.94,196.5,0.6685,0.0246,True,True,True,0.6482,1992-2005,D,True,plurifamiliare,c.a. con laterizi,3,0.9833333333333334,46.6,0,ground
50.93,81.27,81.27,343.48,343.48,188.42,0.5486,0.019,True,True,True,0.0061,1946-1960,D,True,blocco,c.a. con laterizi,3,0.9166666666666666,51.7,0,upper
200.94,610.96,534.6,2524.84,2201.97,1152.05,0.4563,0.0355,True,True,True,0.2688,1976-1985,D,False,plurifamiliare,c.a. con laterizi,5,0.572,248.6,0,multi_floor
110.54,41.22,41.22,141.0,141.0,50.4,0.3574,0.073,True,True,True,0.3246,1992-2005,D,True,plurifamiliare,c.a. con laterizi,3,0.61,13.899999999999999,0,upper
239.0,111.2,111.2,391.56,391.56,303.72,0.7757,0.0,True,True,True,0.3324,1986-1991,D,False,blocco,c.a. con laterizi,5,0.5666666666666667,18.61,0,ground
149.72,90.27,90.27,333.82,333.82,118.08,0.3537,0.029,True,True,True,0.1361,1930-1945,D,True,schiera,c.a. con laterizi,3,0.7033333333333335,59.5,0,upper
170.18,279.74,96.83,1127.83,398.15,428.83,0.3802,0.0804,True,True,True,0.2734,1992-2005,D,False,in linea,prefabbricata in c.a.,5,0.9,49.16,0,ground
60.03,403.1,106.44,1364.19,362.27,707.02,0.5183,0.0417,True,True,True,0.1389,1992-2005,D,False,in linea,prefabbricata in c.a.,4,0.7066666666666667,12.75,0,upper
179.65,83.4,83.4,310.13,310.13,209.71,0.6762,0.0603,True,True,True,0.421,1992-2005,D,True,schiera,c.a. con laterizi,3,0.7666666666666666,30.9,0,upper
155.08,152.63,152.63,552.68,552.68,509.07,0.9211,0.0394,True,True,True,1.8921,after 2007,D,False,torre,muratura portante,3,0.87,51.5,0,ground
276.36,177.11,52.75,807.8,253.88,512.35,0.6342,0.0433,True,True,True,0.4694,1992-2005,D,True,monofamiliare,muratura portante,3,0.56,40.1,0,multi_floor
178.03,48.93,48.93,192.63,192.63,94.3,0.4895,0.092,True,True,True,0.1508,1992-2005,D,True,in linea,c.a. con laterizi,3,0.7433333333333333,33.1,0,multi_floor
46.22,464.96,464.96,1486.48,1486.48,405.16,0.2726,0.0278,True,True,False,1.4159,1961-1975,D,False,monofamiliare,c.a. con chiusure in pannelli prefabbricati,3,0.79,5.62,0,multi_floor
174.15,108.34,108.34,476.36,476.36,219.95,0.4617,0.0394,True,True,True,0.1784,1961-1975,D,True,in linea,muratura portante,3,0.6866666666666666,56.0,0,multi_floor
399.36,85.51,85.51,315.97,315.97,71.26,0.2255,0.0777,True,True,True,2.3914,1930-1945,E,False,in linea,c.a. con laterizi,3,0.6766666666666666,16.3,0,ground
212.9,80.51,80.51,275.7,275.7,107.83,0.3911,0.0733,True,True,True,0.4144,1961-1975,D,True,plurifamiliare,c.a. con laterizi,3,0.43333333333333335,52.2,0,upper
46.18,110.41,110.41,410.54,410.54,130.43,0.3177,0.0211,True,True,True,0.0206,1961-1975,D,True,plurifamiliare,altro,3,0.9666666666666667,41.95,0,upper
51.24,72.45,72.45,311.54,311.54,242.86,0.7795,0.0234,True,True,True,0.0267,1961-1975,D,True,plurifamiliare,altro,3,0.8466666666666667,55.15,0,upper
202.55,62.12,62.12,240.78,240.78,175.4,0.7285,0.2886,True,True,True,0.0486,1961-1975,D,True,plurifamiliare,altro,3,0.9166666666666666,39.7,0,upper
90.86,104.22,74.99,375.47,272.42,206.72,0.5505,0.0589,True,True,True,0.1174,1992-2005,D,True,schiera,mista (c.a. + laterizi),3,0.9133333333333334,51.8,0,multi_floor
313.68,117.3,117.3,382.2,382.2,272.42,0.7128,0.1532,True,True,True,0.3795,1976-1985,D,True,plurifamiliare,c.a. con laterizi,3,0.43,34.42,0,upper
255.29,43.23,43.23,199.45,199.45,166.52,0.8349,0.1126,True,True,False,0.153,1946-1960,D,False,altro,altro,3,0.5933333333333334,13.35,0,ground
326.75,214.93,214.93,855.2,855.2,508.06,0.5941,0.0224,True,True,True,0.0521,1976-1985,E,False,monofamiliare,muratura portante,3,0.8433333333333334,88.6,0,ground
178.01,241.99,241.99,973.02,973.02,450.11,0.4626,0.044,True,True,False,0.153,1946-1960,D,False,altro,altro,3,0.62,24.43,0,ground
97.3,67.64,67.64,250.44,250.44,156.05,0.6231,0.0193,True,True,True,0.1089,1946-1960,D,True,blocco,c.a. con laterizi,3,0.96,50.41,0,upper
112.33,56.48,56.48,216.18,216.18,139.69,0.6462,0.0104,True,True,True,0.0965,2006-2007,D,True,blocco,c.a. con laterizi,3,0.84,51.5,0,upper
170.62,139.68,122.36,710.73,622.6,304.14,0.4279,0.1187,True,True,True,0.6614,2006-2007,D,False,in linea,prefabbricata in c.a.,4,0.95,75.5,0,ground
120.14,85.32,85.32,368.46,368.46,280.8,0.7621,0.0498,True,True,True,0.1329,after 2007,D,True,monofamiliare,c.a. con laterizi,3,0.8466666666666667,7.0,1,multi_floor
99.06,194.89,194.89,1069.4,1069.4,405.88,0.3795,0.017,True,True,True,0.0321,before 1930,D,False,in linea,muratura portante,4,0.4766666666666666,18.95,0,ground
75.03,66.1,66.1,249.57,249.57,201.38,0.8069,0.053,True,False,True,0.115,after 2007,D,True,bifamiliare,c.a. con laterizi,2,0.79,62.7,0,ground
68.34,109.2,38.02,440.72,154.71,295.92,0.6715,0.0111,True,True,True,0.0163,1961-1975,E,True,bifamiliare,muratura portante,3,0.8933333333333334,58.699999999999996,0,upper
111.62,109.2,18.12,448.49,74.12,299.21,0.6671,0.0102,True,True,True,0.0163,1961-1975,E,True,bifamiliare,muratura portante,3,0.7999999999999999,57.3,0,upper
202.68,46.0,46.0,190.57,190.57,105.0,0.551,0.0609,True,True,True,0.4701,1946-1960,D,True,plurifamiliare,muratura portante,3,0.7133333333333333,31.6,0,upper
95.7,127.19,127.19,442.61,442.61,137.81,0.3114,0.084,True,True,True,0.1672,1961-1975,D,True,plurifamiliare,c.a. con laterizi,3,0.7799999999999999,52.3,0,ground
104.04,91.0,91.0,327.0,327.0,119.1,0.3642,0.0115,True,True,True,0.6155,1961-1975,D,True,plurifamiliare,c.a. con laterizi,3,0.77,45.8,0,upper
115.06,65.5,65.5,208.59,208.59,257.64,1.2351,0.0259,True,True,True,0.5958,1946-1960,D,True,monofamiliare,muratura portante,3,0.3566666666666667,18.8,0,upper
194.07,57.68,57.68,173.04,173.04,99.98,0.5778,0.0608,True,True,True,0.1696,1946-1960,D,False,in linea,muratura portante,4,0.48666666666666664,18.9,0,ground
134.43,66.78,66.78,229.28,229.28,104.84,0.4573,0.0528,True,True,True,0.7855,1946-1960,D,True,torre,c.a. con laterizi,3,0.8766666666666666,34.8,0,ground
256.36,884.0,884.0,2930.0,2930.0,1778.0,0.607,0.0887,True,True,True,0.202,1992-2005,D,False,altro,altro,5,0.91,147.2,0,ground
117.8,154.64,97.3,541.83,338.98,310.61,0.5733,0.0368,True,True,True,0.1867,1992-2005,D,True,plurifamiliare,c.a. con laterizi,3,0.5133333333333333,25.380000000000003,0,multi_floor
844.88,114.38,114.38,500.72,500.72,270.2,0.5396,0.1558,True,True,True,0.1199,after 2007,D,False,corte,c.a. con laterizi,5,0.68,151.04,0,multi_floor
142.45,43.93,43.93,153.68,153.68,31.18,0.2029,0.0785,True,True,True,0.2514,1992-2005,D,True,monofamiliare,muratura portante,3,0.48,9.6,0,upper
146.71,41.5,41.5,148.11,148.11,41.7,0.2816,0.0781,True,True,True,0.237,1992-2005,D,True,monofamiliare,muratura portante,3,0.48666666666666664,9.6,0,upper
454.77,138.32,138.32,662.73,662.73,555.9,0.8388,0.0575,True,True,True,0.2403,before 1930,D,False,in linea,muratura portante,5,0.6833333333333332,52.7,0,ground
107.53,41.37,41.37,166.08,166.08,149.35,0.8993,0.0121,True,True,True,0.2765,1992-2005,D,True,schiera,c.a. con laterizi,3,0.7999999999999999,179.5,0,ground
227.51,55.69,55.69,201.95,201.95,166.04,0.8222,0.0742,True,True,True,0.5505,1930-1945,D,True,bifamiliare,muratura portante,3,0.8466666666666667,51.7,0,multi_floor
189.91,86.0,86.0,363.39,363.4,116.08,0.3194,0.0124,True,True,True,0.039,before 1930,E,True,in linea,mista (acciaio + muratura),3,0.7566666666666668,59.8,0,upper
273.86,25.14,25.14,86.4,86.4,65.37,0.7566,0.1027,True,True,True,0.4816,after 2007,D,True,in linea,c.a. con laterizi,3,0.5366666666666667,49.8,0,upper
174.88,244.45,244.45,1228.63,1228.63,1026.07,0.8351,0.031,True,True,True,0.404,1961-1975,D,False,plurifamiliare,c.a. con laterizi,4,0.9033333333333333,204.0,0,multi_floor
210.11,74.27,74.27,287.2,287.2,301.65,1.0503,0.0676,True,True,True,1.9653,1961-1975,D,True,torre,c.a. con laterizi,3,0.8099999999999999,49.5,0,upper
102.1,43.64,43.64,148.56,148.56,74.91,0.5043,0.0191,True,True,True,0.43,after 2007,D,True,in linea,muratura portante,3,0.7200000000000001,65.5,0,upper
268.08,80.69,41.09,369.34,191.03,161.1,0.4362,0.1483,True,True,True,0.4268,1992-2005,D,False,schiera,c.a. con laterizi,4,0.7075,51.0,0,ground
210.15,2622.75,2622.75,6576.94,6576.94,3679.1,0.5594,0.0561,True,False,False,1.7419,1976-1985,D,False,altro,altro,1,0.73,347.85,0,ground
204.28,70.84,70.84,246.9,246.9,180.64,0.7316,0.1336,True,True,True,0.1726,1992-2005,D,False,schiera,c.a. con laterizi,3,0.49333333333333335,50.0,0,ground
138.65,85.41,60.7,333.02,237.12,168.69,0.5066,0.0833,True,True,True,0.7457,1992-2005,D,True,plurifamiliare,c.a. con laterizi,3,0.51,32.230000000000004,0,upper
171.05,121.6,121.6,474.95,474.95,230.56,0.4854,0.0479,True,True,True,0.0857,2006-2007,D,False,monofamiliare,muratura portante,4,0.595,31.700000000000003,0,upper
353.57,52.24,52.24,196.73,196.73,150.07,0.7628,0.0749,True,True,True,0.6482,1986-1991,D,False,in linea,c.a. con laterizi,4,0.45999999999999996,55.22,0,ground
163.81,43.0,43.0,153.0,153.0,51.0,0.3333,0.0044,True,True,True,0.47,1961-1975,D,True,blocco,muratura portante,3,0.6866666666666666,6.2,0,upper
130.76,43.41,43.41,177.59,177.59,116.02,0.6533,0.0173,True,True,True,0.5832,1961-1975,D,True,blocco,c.a. con laterizi,3,0.5566666666666666,16.9,0,upper
98.02,98.6,98.6,266.22,266.22,107.68,0.4045,0.0303,True,True,True,0.2414,1992-2005,D,True,plurifamiliare,c.a. con laterizi,3,0.5966666666666667,40.0,0,upper
95.47,87.53,87.53,400.46,400.46,118.52,0.296,0.0152,True,True,True,0.142,1930-1945,D,True,blocco,c.a. con laterizi,3,0.5833333333333334,19.3,0,upper
140.59,41.35,41.35,147.66,147.66,41.83,0.2833,0.0588,True,True,True,0.238,1992-2005,D,True,monofamiliare,muratura portante,3,0.4566666666666666,11.799999999999999,0,upper
140.92,43.93,43.93,153.68,153.68,31.18,0.2029,0.0785,True,True,True,0.2514,1992-2005,D,True,monofamiliare,muratura portante,3,0.48666666666666664,11.799999999999999,0,upper
341.21,130.11,64.37,488.46,242.21,367.6,0.7526,0.0777,True,True,True,0.4272,1961-1975,D,True,bifamiliare,muratura portante,3,0.9366666666666665,50.5,0,upper
185.05,187.16,63.38,787.77,276.29,541.86,0.6878,0.0275,True,True,True,0.3453,before 1930,D,True,monofamiliare,muratura portante,3,0.4266666666666667,56.1,0,multi_floor
108.71,111.19,111.19,454.26,454.26,309.3,0.6809,0.0593,True,True,False,0.5367,1961-1975,D,False,plurifamiliare,c.a. con laterizi,3,0.97,11.85,0,ground
136.93,105.9,105.9,399.0,399.0,304.27,0.7626,0.0623,True,True,True,0.2285,1992-2005,D,True,blocco,c.a. con laterizi,3,0.89,29.63,0,multi_floor
22.61,44.67,44.67,179.68,179.68,65.44,0.3642,0.0017,True,False,True,0.0122,after 2007,D,True,plurifamiliare,c.a. con laterizi,2,0.64,8.0,0,upper
21.61,44.08,44.08,186.05,186.05,97.2,0.5224,0.0034,True,False,True,0.0113,after 2007,D,True,plurifamiliare,c.a. con laterizi,2,0.69,8.0,0,upper
16.69,79.93,79.93,347.47,347.47,253.86,0.7306,0.0,True,False,True,0.011,after 2007,D,True,plurifamiliare,c.a. con laterizi,2,0.735,8.0,0,ground
13.36,70.94,70.94,307.69,307.69,231.08,0.751,0.0007,True,False,True,0.0104,after 2007,D,True,plurifamiliare,c.a. con laterizi,2,0.51,8.0,0,ground
16.21,75.36,75.36,316.58,316.58,190.42,0.6015,0.0009,True,False,True,0.0122,after 2007,D,True,plurifamiliare,c.a. con laterizi,2,0.66,8.0,0,ground
16.26,84.38,84.38,359.59,359.59,233.97,0.6507,0.002,True,False,True,0.0097,after 2007,D,True,plurifamiliare,c.a. con laterizi,2,0.595,8.0,0,ground
20.17,82.25,82.25,344.86,344.86,179.6,0.5208,0.003,True,False,True,0.0082,after 2007,D,True,plurifamiliare,c.a. con laterizi,2,0.5900000000000001,8.0,0,upper
22.25,51.88,51.88,206.62,206.62,78.09,0.3779,0.0035,True,False,True,0.0122,after 2007,D,True,plurifamiliare,c.a. con laterizi,2,0.7050000000000001,8.0,0,upper
24.19,61.71,61.71,250.53,250.53,111.38,0.4446,0.0024,True,False,True,0.0103,after 2007,D,True,plurifamiliare,c.a. con laterizi,2,0.585,8.0,0,upper
23.26,28.51,28.51,114.16,114.16,33.54,0.2938,0.0,True,False,True,0.0101,after 2007,D,True,plurifamiliare,c.a. con laterizi,2,0.585,8.0,0,upper
23.45,35.69,35.69,142.16,142.16,50.13,0.3526,0.0,True,False,True,0.0122,after 2007,D,True,plurifamiliare,c.a. con laterizi,2,0.56,8.0,0,upper
22.29,102.58,102.58,428.79,428.79,285.39,0.6656,0.0056,True,False,True,0.0054,after 2007,D,True,plurifamiliare,c.a. con laterizi,2,0.6100000000000001,8.0,0,upper
18.59,37.79,37.79,150.8,150.8,47.19,0.3129,0.0059,True,False,True,0.0122,after 2007,D,True,plurifamiliare,c.a. con laterizi,2,0.565,8.0,0,upper
29.16,52.04,52.04,222.78,222.78,145.58,0.6535,0.0039,True,False,True,0.0053,after 2007,D,True,plurifamiliare,c.a. con laterizi,2,0.585,8.0,0,upper
18.3,63.06,63.06,255.32,255.32,100.75,0.3946,0.0031,True,False,True,0.0121,after 2007,D,True,plurifamiliare,c.a. con laterizi,2,0.7549999999999999,8.0,0,upper
29.06,32.36,32.36,137.69,137.69,89.57,0.6505,0.0082,True,False,True,0.0038,after 2007,D,True,plurifamiliare,c.a. con laterizi,2,0.665,8.0,0,upper
21.77,48.7,48.7,194.43,194.43,72.37,0.3722,0.0031,True,False,True,0.0122,after 2007,D,True,plurifamiliare,c.a. con laterizi,2,0.7150000000000001,8.0,0,upper
21.35,87.34,87.34,374.42,374.42,274.74,0.7338,0.0012,True,False,True,0.0054,after 2007,D,True,plurifamiliare,c.a. con laterizi,2,0.605,8.0,0,upper
28.51,42.61,42.61,176.74,176.74,74.9,0.4238,0.0031,True,False,True,0.011,after 2007,D,True,plurifamiliare,c.a. con laterizi,2,0.56,8.0,0,upper
136.57,98.03,98.03,347.76,347.76,232.27,0.6679,0.0385,True,True,True,0.4264,1992-2005,D,True,schiera,c.a. con laterizi,3,0.8366666666666666,35.7,0,upper
125.42,87.63,13.53,337.43,50.46,118.77,0.352,0.0174,True,True,True,0.5177,1961-1975,D,True,plurifamiliare,c.a. con laterizi,3,0.73,30.3,0,upper
156.45,167.06,167.06,630.6,630.6,442.0,0.7009,0.0274,True,True,True,0.6342,1976-1985,E,True,altro,altro,3,0.8066666666666668,96.39,0,upper
65.02,100.44,52.04,386.5,205.97,121.8,0.3152,0.0601,True,True,True,0.0214,after 2007,D,True,plurifamiliare,muratura portante,3,0.9166666666666666,53.2,0,upper
117.59,86.89,86.89,346.02,346.02,249.01,0.7196,0.0189,True,True,True,0.6342,1976-1985,E,True,altro,altro,3,0.8066666666666668,96.39,0,upper
222.29,122.88,103.5,500.66,409.47,162.41,0.3244,0.0783,True,True,True,0.3693,1992-2005,D,False,altro,c.a. con laterizi,4,0.9833333333333333,58.82,0,ground
183.79,87.0,87.0,325.0,325.0,207.6,0.6388,0.0787,True,False,True,0.6049,1992-2005,D,True,plurifamiliare,c.a. con laterizi,2,0.65,48.2,0,upper
174.79,88.0,88.0,300.0,300.0,197.34,0.6578,0.0639,True,False,True,0.6049,1992-2005,D,True,plurifamiliare,c.a. con laterizi,2,0.65,48.2,0,ground
163.46,110.0,110.0,413.38,413.38,273.8,0.6624,0.062,True,True,True,0.4439,1946-1960,D,True,plurifamiliare,c.a. con laterizi,3,0.75,62.7,0,ground
151.67,249.52,67.96,961.19,265.61,574.58,0.5978,0.0586,True,True,True,0.745,1986-1991,D,True,monofamiliare,muratura portante,3,0.7566666666666667,53.1,0,multi_floor
221.01,129.75,82.09,616.68,386.12,128.45,0.2083,0.1423,True,True,True,0.4754,1961-1975,D,False,in linea,c.a. con laterizi,4,0.9366666666666666,40.87,0,ground
688.34,79.26,79.26,363.97,363.97,223.16,0.6131,0.0,True,True,True,0.3408,1992-2005,D,False,altro,prefabbricata in c.a.,4,0.6233333333333333,24.2,0,ground
357.36,27.85,27.85,122.52,122.52,96.58,0.7883,0.0868,True,True,True,0.6155,1976-1985,D,True,blocco,c.a. con laterizi,3,0.47333333333333333,50.7,0,upper
195.9,80.0,80.0,338.34,338.34,234.38,0.6927,0.0643,True,True,True,0.8525,before 1930,D,True,monofamiliare,muratura portante,3,0.57,41.2,0,upper
76.31,95.0,95.0,364.74,364.74,122.9,0.3369,0.0179,True,True,True,0.5592,1930-1945,D,True,schiera,muratura portante,3,0.7200000000000001,24.14,0,upper
50.94,69.78,22.4,288.82,88.22,115.12,0.3986,0.0166,True,True,True,0.0261,1946-1960,D,True,plurifamiliare,c.a. con laterizi,3,0.7266666666666666,51.5,0,ground
63.18,81.76,41.12,360.0,170.29,231.63,0.6434,0.0103,True,True,True,0.0212,1946-1960,D,True,plurifamiliare,c.a. con laterizi,3,0.77,51.5,0,upper
66.61,56.73,56.73,172.0,172.0,43.19,0.2511,0.0109,True,True,True,0.0017,after 2007,D,True,altro,altro,3,0.4633333333333333,133.6,0,ground
116.68,1350.06,711.58,5463.36,2584.37,1788.94,0.3274,0.0061,True,True,True,0.1514,before 1930,D,False,in linea,muratura portante,5,0.6,261.32,0,multi_floor
253.97,98.74,98.74,361.98,361.98,237.94,0.6573,0.1042,True,True,True,0.4816,1961-1975,D,True,bifamiliare,c.a. con laterizi,3,0.6266666666666666,66.2,0,upper
121.21,77.75,77.75,277.38,277.38,292.23,1.0535,0.0711,True,True,False,0.2977,2006-2007,D,False,in linea,acciaio con chiusure in pannelli prefabbricati,3,0.6950000000000001,25.32,0,ground
165.7,125.81,59.08,508.48,232.89,307.88,0.6055,0.0762,True,True,True,0.2491,1946-1960,D,True,bifamiliare,muratura portante,3,0.96,51.7,0,multi_floor
332.25,46.92,46.92,181.74,181.74,131.09,0.7213,0.0649,True,True,True,0.3752,1961-1975,E,True,torre,c.a. con laterizi,3,0.5866666666666667,38.6,0,ground
211.71,51.99,51.99,189.29,189.29,97.11,0.513,0.0528,True,True,True,0.5604,2006-2007,D,True,schiera,c.a. con laterizi,3,0.58,39.57,0,upper
215.14,103.47,103.47,355.58,355.58,119.34,0.3356,0.1151,True,True,True,0.8847,1961-1975,E,True,altro,c.a. con laterizi,3,0.7799999999999999,39.5,0,upper
90.12,95.29,95.29,336.16,336.16,150.34,0.4472,0.0273,True,True,True,0.5328,1976-1985,D,True,schiera,c.a. con laterizi,3,0.8333333333333334,51.9,0,upper
229.27,211.57,32.54,1038.68,165.99,785.08,0.7558,0.0773,True,True,True,0.1901,1961-1975,D,True,monofamiliare,muratura portante,3,0.47333333333333333,49.9,0,multi_floor
236.27,68.0,68.0,259.91,259.91,169.48,0.6521,0.044,True,True,True,0.2327,1961-1975,D,True,altro,mista (c.a. + laterizi),3,0.6766666666666667,59.5,0,multi_floor
351.12,90.74,90.74,340.64,340.64,309.05,0.9073,0.0892,True,True,True,0.8439,1992-2005,D,False,plurifamiliare,c.a. con laterizi,4,0.7533333333333333,14.82,0,ground
87.5,183.93,183.93,894.83,894.83,646.35,0.7223,0.0686,True,True,True,0.0323,after 2007,D,True,monofamiliare,mista (muratura + legno),3,0.7666666666666666,48.35,0,unknown
205.24,95.92,10.18,397.25,40.43,363.44,0.9149,0.0399,True,True,True,0.2898,1976-1985,D,True,plurifamiliare,c.a. con laterizi,3,0.6433333333333334,53.0,0,upper
39.77,172.56,172.56,688.1,688.1,424.78,0.6173,0.0123,True,True,True,0.0528,1976-1985,D,True,plurifamiliare,c.a. con laterizi,3,0.75,56.0,0,underground
266.76,104.17,104.17,371.52,371.52,321.97,0.8666,0.0,True,True,True,0.3424,1986-1991,D,True,bifamiliare,mista (altro),3,0.33666666666666667,30.6,0,multi_floor
59.04,51.25,51.25,219.09,219.09,100.4,0.4582,0.0159,True,True,True,0.002,after 2007,D,True,torre,c.a. con laterizi,3,0.68,25.42,0,upper
52.33,53.25,53.25,206.81,206.81,66.21,0.3202,0.0164,True,True,True,0.002,after 2007,D,True,torre,c.a. con laterizi,3,0.59,25.42,0,upper
53.27,52.84,52.84,206.81,206.81,66.21,0.3202,0.0168,True,True,True,0.002,after 2007,D,True,torre,c.a. con laterizi,3,0.59,25.42,0,upper
52.71,55.92,55.92,214.83,214.83,70.97,0.3303,0.0158,True,True,True,0.002,after 2007,D,True,torre,c.a. con laterizi,3,0.6033333333333334,25.42,0,upper
52.58,55.81,55.81,214.83,214.83,70.97,0.3303,0.0158,True,True,True,0.002,after 2007,D,True,torre,c.a. con laterizi,3,0.6066666666666667,25.42,0,upper
52.92,53.43,53.43,206.79,206.79,92.91,0.4493,0.0165,True,True,True,0.0039,after 2007,D,True,torre,c.a. con laterizi,3,0.62,25.42,0,upper
292.58,33.12,33.12,118.45,118.45,60.13,0.5077,0.1692,True,True,True,0.4998,1986-1991,D,False,blocco,c.a. con laterizi,4,0.9966666666666667,11.68,0,upper
59.25,50.39,50.39,228.2,228.2,168.52,0.7385,0.016,True,True,True,0.002,after 2007,D,True,torre,c.a. con laterizi,3,0.7033333333333333,25.42,0,ground
58.25,49.53,49.53,209.88,209.88,125.43,0.5976,0.0145,True,True,True,0.002,after 2007,D,True,torre,c.a. con laterizi,3,0.6766666666666667,25.42,0,ground
60.35,52.02,52.02,219.1,219.1,136.02,0.6208,0.0162,True,True,True,0.0045,after 2007,D,True,torre,c.a. con laterizi,3,0.7366666666666667,25.42,0,upper
53.57,52.51,52.51,206.79,206.79,66.21,0.3202,0.017,True,True,True,0.002,after 2007,D,True,torre,c.a. con laterizi,3,0.59,25.42,0,upper
59.76,51.24,51.24,219.04,219.04,100.39,0.4583,0.0164,True,True,True,0.002,after 2007,D,True,torre,c.a. con laterizi,3,0.6833333333333332,25.42,0,upper
55.79,52.74,52.74,219.09,219.09,100.4,0.4583,0.0132,True,True,True,0.002,after 2007,D,True,torre,c.a. con laterizi,3,0.6733333333333333,25.42,0,upper
52.76,55.84,55.84,214.84,214.84,70.97,0.3303,0.0157,True,True,True,0.002,after 2007,D,True,torre,c.a. con laterizi,3,0.6166666666666667,25.42,0,upper
52.82,56.07,56.07,214.84,214.84,70.97,0.3303,0.0157,True,True,True,0.002,after 2007,D,True,torre,c.a. con laterizi,3,0.6133333333333333,25.42,0,upper
41.9,94.45,94.45,388.3,388.3,181.42,0.4672,0.0115,True,True,True,0.0128,after 2007,D,True,torre,c.a. con laterizi,3,0.7600000000000001,29.42,0,upper
59.05,51.76,51.76,222.37,222.37,101.24,0.4553,0.0157,True,True,True,0.002,after 2007,D,True,torre,c.a. con laterizi,3,0.6833333333333332,25.42,0,upper
52.98,55.6,55.6,219.85,219.85,72.16,0.3282,0.0159,True,True,True,0.002,after 2007,D,True,torre,c.a. con laterizi,3,0.6166666666666667,25.42,0,upper
59.54,52.47,52.47,229.84,229.84,137.42,0.5979,0.0156,True,True,True,0.0234,after 2007,D,True,torre,c.a. con laterizi,3,0.7200000000000001,25.42,0,upper
53.3,52.7,52.7,211.71,211.71,67.32,0.318,0.0167,True,True,True,0.002,after 2007,D,True,torre,c.a. con laterizi,3,0.59,25.42,0,upper
52.86,56.04,56.04,219.85,219.85,72.16,0.3282,0.0157,True,True,True,0.002,after 2007,D,True,torre,c.a. con laterizi,3,0.6166666666666667,25.42,0,upper
37.11,83.91,83.91,343.89,343.89,136.19,0.396,0.0212,True,True,True,0.002,after 2007,D,True,torre,c.a. con laterizi,3,0.98,29.42,0,upper
53.55,52.55,52.55,209.97,209.97,66.76,0.318,0.0169,True,True,True,0.002,after 2007,D,True,torre,c.a. con laterizi,3,0.59,25.42,0,upper
50.27,81.78,81.78,359.15,359.15,251.8,0.7011,0.0146,True,True,True,0.0257,after 2007,D,True,torre,c.a. con laterizi,3,0.6933333333333334,29.42,0,upper
47.2,55.45,55.45,234.25,234.25,146.61,0.6259,0.0063,True,True,True,0.0272,after 2007,D,True,torre,c.a. con laterizi,3,0.6333333333333333,25.42,0,upper
46.39,57.01,57.01,234.25,234.25,146.61,0.6259,0.0061,True,True,True,0.0278,after 2007,D,True,torre,c.a. con laterizi,3,0.6333333333333333,25.42,0,upper
54.25,54.27,54.27,218.05,218.05,71.56,0.3282,0.0161,True,True,True,0.002,after 2007,D,True,torre,c.a. con laterizi,3,0.6166666666666667,25.42,0,upper
46.42,68.78,68.78,267.01,267.01,84.99,0.3183,0.0152,True,True,True,0.002,after 2007,D,True,torre,c.a. con laterizi,3,0.66,25.42,0,upper
35.59,95.67,95.67,392.92,392.92,243.11,0.6187,0.0145,True,True,True,0.002,after 2007,D,True,torre,c.a. con laterizi,3,0.7833333333333332,16.8,0,ground
47.81,82.44,82.44,366.33,366.33,254.29,0.6942,0.0146,True,True,True,0.0232,after 2007,D,True,torre,c.a. con laterizi,3,0.6866666666666666,29.42,0,upper
384.45,88.01,22.15,354.04,78.45,332.92,0.9404,0.0142,True,True,True,0.1313,before 1930,D,True,in linea,muratura portante,3,0.6533333333333333,28.810000000000002,0,multi_floor
38.77,84.14,84.14,362.05,362.05,252.79,0.6982,0.0115,True,True,True,0.002,after 2007,D,False,torre,c.a. con laterizi,3,0.87,16.8,0,ground
253.47,761.56,655.26,3453.01,2968.29,1420.5,0.4114,0.0482,True,True,True,0.3524,1961-1975,E,False,monofamiliare,mista (c.a. + laterizi),5,0.352,230.64000000000001,0,multi_floor
197.01,61.12,61.12,231.86,231.86,99.44,0.4289,0.0725,True,True,True,0.5143,1961-1975,D,True,plurifamiliare,muratura portante,3,0.57,23.2,0,upper
117.89,102.9,59.03,348.74,197.78,114.06,0.3271,0.0243,True,True,True,0.6447,1976-1985,D,True,plurifamiliare,c.a. con laterizi,3,0.86,29.759999999999998,0,upper
254.11,33.46,33.46,145.52,145.52,112.81,0.7752,0.0832,True,True,False,0.9959,1961-1975,D,False,monofamiliare,muratura portante,3,0.7066666666666667,30.5,0,ground
263.23,61.62,61.62,267.66,267.66,207.49,0.7752,0.0952,True,True,False,0.9959,1961-1975,D,False,monofamiliare,muratura portante,3,0.7000000000000001,30.8,0,ground
35.59,95.67,95.67,392.92,392.92,243.11,0.6187,0.0145,True,True,True,0.002,after 2007,D,True,torre,c.a. con laterizi,3,0.7833333333333332,16.8,0,ground
261.14,31.37,31.37,136.14,136.14,105.54,0.7752,0.0935,True,True,False,0.9959,1961-1975,D,False,monofamiliare,muratura portante,3,0.7000000000000001,30.5,0,ground
160.46,106.91,106.91,388.97,388.97,244.26,0.628,0.0465,True,True,True,0.4881,1992-2005,D,True,schiera,muratura portante,3,0.86,47.519999999999996,0,multi_floor
124.06,98.15,98.15,323.01,323.01,100.73,0.3118,0.0625,True,True,True,0.4829,1986-1991,D,True,plurifamiliare,c.a. con laterizi,3,0.7533333333333333,51.6,0,upper
259.45,159.05,146.41,706.72,651.4,567.04,0.8024,0.0256,True,False,True,0.193,1961-1975,D,True,monofamiliare,muratura portante,2,0.8200000000000001,67.0,0,multi_floor
77.84,68.95,68.95,324.93,324.93,273.34,0.8412,0.0288,True,True,True,0.0065,after 2007,D,True,bifamiliare,c.a. con laterizi,4,0.8233333333333333,17.87,0,ground
77.84,68.95,68.95,324.93,324.93,273.34,0.8412,0.0288,True,True,True,0.0065,after 2007,D,True,bifamiliare,c.a. con laterizi,4,0.8233333333333333,17.87,0,ground
77.84,68.95,68.95,324.93,324.93,273.34,0.8412,0.0288,True,True,True,0.0065,after 2007,D,True,bifamiliare,c.a. con laterizi,4,0.8233333333333333,17.87,0,ground
77.84,68.95,68.95,324.93,324.93,273.34,0.8412,0.0288,True,True,True,0.0065,after 2007,D,True,bifamiliare,c.a. con laterizi,4,0.8233333333333333,17.87,0,ground
187.48,51.26,51.26,209.88,209.88,102.49,0.4883,0.042,True,True,True,0.4285,1976-1985,D,True,plurifamiliare,c.a. con laterizi,3,0.7200000000000001,31.0,0,ground
107.33,174.04,16.57,632.42,60.26,392.79,0.6211,0.0611,True,True,True,0.1228,1992-2005,D,True,in linea,c.a. con laterizi,3,0.6933333333333334,60.7,0,upper
139.78,32.4,32.4,120.9,120.9,78.3,0.6476,0.0289,True,True,True,0.2652,1930-1945,D,True,schiera,muratura portante,3,0.8433333333333333,29.0,0,ground
184.47,146.7,57.8,629.69,273.91,379.89,0.6033,0.0488,True,True,True,0.1969,1961-1975,D,True,plurifamiliare,c.a. con laterizi,3,0.7666666666666666,52.599999999999994,0,multi_floor
112.27,45.91,27.49,161.55,95.11,61.14,0.3784,0.1492,True,True,True,0.3168,1992-2005,D,True,in linea,mista (altro),3,0.9733333333333333,55.3,0,upper
130.97,192.74,27.65,641.66,91.77,382.13,0.5955,0.03,True,True,True,0.2757,1992-2005,D,True,torre,c.a. con laterizi,3,0.7333333333333334,63.900000000000006,0,multi_floor
339.28,64.51,64.51,234.55,234.55,139.31,0.594,0.1079,True,True,True,0.4816,1992-2005,D,True,plurifamiliare,c.a. con laterizi,3,0.58,54.0,0,upper
199.76,72.81,72.81,310.13,310.13,227.79,0.7345,0.008,True,True,True,0.2819,1930-1945,D,True,blocco,c.a. con laterizi,3,0.87,53.2,0,multi_floor
146.16,145.35,100.89,538.05,361.43,398.1,0.7399,0.0472,True,True,True,0.279,1946-1960,D,True,in linea,c.a. con laterizi,3,0.9699999999999999,52.2,0,upper
233.23,71.91,45.44,323.38,197.41,252.08,0.7795,0.025,True,True,True,0.1367,1961-1975,D,True,monofamiliare,muratura portante,3,0.62,29.5,0,ground
163.52,36.8,36.8,163.5,163.5,129.87,0.7943,0.0213,True,True,False,0.252,1992-2005,D,False,altro,altro,3,0.6,8.05,0,upper
197.89,82.5,82.5,305.26,305.26,219.97,0.7206,0.0844,True,True,True,0.2544,1986-1991,D,True,plurifamiliare,c.a. con laterizi,3,0.92,34.1,0,upper
170.44,77.84,77.84,233.52,233.52,187.16,0.8015,0.0393,True,True,True,0.2483,1946-1960,D,True,plurifamiliare,muratura portante,3,0.77,31.980000000000004,0,ground
112.4,95.78,95.78,287.34,287.34,107.94,0.3757,0.029,True,True,True,0.4902,1961-1975,D,True,plurifamiliare,c.a. con laterizi,3,0.6533333333333333,32.08,0,upper
61.18,126.96,126.96,450.39,450.39,123.47,0.2741,0.0273,True,True,True,0.5136,1961-1975,D,True,plurifamiliare,c.a. con laterizi,4,0.7366666666666667,44.7,0,upper
53.61,90.02,30.07,325.03,110.45,107.05,0.3293,0.0066,True,True,True,0.0228,1976-1985,D,True,bifamiliare,c.a. con laterizi,3,0.6066666666666666,33.900000000000006,0,upper
136.0,84.64,43.56,327.72,170.82,241.7,0.7375,0.0067,True,True,True,0.9043,1976-1985,D,True,bifamiliare,c.a. con laterizi,3,0.57,30.4,0,upper
167.37,79.27,79.27,289.74,289.74,138.22,0.4771,0.2422,True,True,False,0.2086,1976-1985,E,False,plurifamiliare,c.a. con laterizi,2,0.735,43.2,0,upper
177.98,85.73,85.73,369.0,369.0,234.61,0.6358,0.0406,True,True,False,0.0306,before 1930,D,False,altro,muratura portante,3,0.4066666666666667,51.1,0,ground
72.03,99.73,99.73,324.18,324.18,179.38,0.5533,0.0094,True,True,True,0.0907,1976-1985,D,True,in linea,muratura portante,3,0.8033333333333333,49.7,0,multi_floor
241.4,136.95,109.27,561.27,450.05,493.73,0.8797,0.03,True,True,True,0.1733,1992-2005,D,True,bifamiliare,muratura portante,3,0.6033333333333334,42.5,0,ground
276.84,81.3,53.3,295.51,192.99,216.18,0.7316,0.0572,True,True,True,0.3759,1946-1960,D,True,bifamiliare,muratura portante,3,0.7466666666666667,35.8,0,upper
173.18,32.71,30.85,123.11,116.11,95.37,0.7747,0.008,True,True,True,0.1733,1930-1945,D,True,in linea,muratura portante,3,0.7966666666666667,8.7,0,upper
124.15,67.4,67.4,294.49,294.49,280.68,0.9531,0.0276,True,True,True,0.1664,1946-1960,D,True,plurifamiliare,muratura portante,3,0.5866666666666667,12.3,0,upper
79.19,192.5,123.97,762.52,484.87,459.95,0.6032,0.0193,True,True,True,0.128,after 2007,D,True,plurifamiliare,c.a. con laterizi,3,0.84,27.5,0,multi_floor
256.25,57.02,57.02,369.72,369.72,207.7,0.5618,0.0667,True,True,False,0.14,1986-1991,E,False,altro,acciaio con chiusure in pannelli prefabbricati,2,0.36,8.5,0,ground
613.09,73.23,73.23,328.19,328.19,250.25,0.7625,0.0301,True,False,True,1.19,before 1930,E,True,in linea,muratura portante,2,0.72,47.0,0,multi_floor
221.86,73.5,73.5,271.4,271.4,106.87,0.3938,0.0488,True,True,True,0.4754,1930-1945,D,True,schiera,mista (c.a. + laterizi),3,0.7799999999999999,34.7,0,multi_floor
87.02,116.99,95.63,473.66,387.84,340.21,0.7183,0.0176,True,True,True,0.0272,after 2007,D,True,altro,altro,3,0.9466666666666667,53.2,0,ground
260.3,82.29,82.29,544.14,544.14,304.62,0.5598,0.0859,True,True,True,0.3746,1986-1991,D,True,plurifamiliare,c.a. con laterizi,3,0.9199999999999999,61.4,0,multi_floor
430.73,103.26,28.85,460.16,127.01,297.57,0.6467,0.0359,True,True,True,0.2823,1930-1945,D,True,blocco,muratura portante,3,0.8466666666666667,7.2,0,multi_floor
362.53,476.7,390.77,2357.81,1903.71,1251.35,0.5307,0.0731,True,True,True,0.7347,1976-1985,D,False,monofamiliare,muratura portante,4,0.8825000000000001,24.5,0,ground
187.09,89.0,89.0,301.88,301.88,221.74,0.7345,0.0036,True,True,True,0.265,1992-2005,D,True,plurifamiliare,legno,3,0.7466666666666667,49.5,0,multi_floor
175.94,97.15,46.86,351.13,159.16,295.08,0.8404,0.0553,True,True,True,0.2521,1976-1985,D,True,plurifamiliare,c.a. con laterizi,3,0.8266666666666667,69.1,0,multi_floor
100.44,98.09,90.98,402.09,373.4,239.73,0.5962,0.0369,True,True,True,0.0214,after 2007,D,True,plurifamiliare,muratura portante,3,0.87,50.7,0,upper
91.9,88.44,88.44,312.88,312.88,85.6,0.2736,0.0376,True,True,True,0.005,1961-1975,D,True,blocco,c.a. con laterizi,3,0.7799999999999999,49.599999999999994,0,upper
121.91,75.0,75.0,272.42,272.42,73.74,0.2707,0.0555,True,True,True,0.4171,1961-1975,D,True,plurifamiliare,c.a. con laterizi,3,0.8866666666666667,28.5,0,upper
43.75,72.56,72.56,301.14,301.14,186.46,0.6192,0.0185,True,True,True,0.0998,after 2007,D,True,bifamiliare,c.a. con laterizi,3,0.7866666666666666,18.8,0,upper
42.32,78.94,78.94,335.07,335.07,216.64,0.6466,0.0123,True,True,True,0.0998,after 2007,D,True,bifamiliare,c.a. con laterizi,3,0.7866666666666666,18.8,0,upper
198.77,60.44,60.44,221.02,221.02,129.95,0.5879,0.0568,True,True,True,0.1125,1992-2005,D,True,blocco,c.a. con laterizi,3,0.5633333333333334,54.1,0,upper
239.65,92.05,92.05,341.93,341.93,221.92,0.649,0.018,True,True,True,0.2973,1992-2005,D,False,in linea,c.a. con laterizi,4,0.7599999999999999,29.490000000000002,0,upper
252.38,100.46,100.46,311.95,311.95,100.46,0.322,0.0148,True,True,True,0.136,before 1930,D,True,in linea,legno,3,0.64,49.4,0,upper
179.24,99.09,99.09,365.3,365.3,111.5,0.3052,0.0461,True,True,True,1.3582,1976-1985,E,True,plurifamiliare,muratura portante,4,0.64,32.9,0,upper
214.64,84.8,36.1,352.17,153.45,201.47,0.5721,0.0825,True,True,True,0.4467,1946-1960,D,True,schiera,c.a. con laterizi,3,0.7999999999999999,30.05,0,upper
88.86,89.03,89.03,322.4,322.4,227.9,0.7069,0.0328,True,True,True,0.2249,1986-1991,D,True,plurifamiliare,c.a. con laterizi,3,0.7999999999999999,63.7,0,upper
249.95,100.46,100.46,356.19,356.19,215.39,0.6047,0.058,True,True,True,0.6472,1961-1975,D,True,plurifamiliare,c.a. con laterizi,3,0.9199999999999999,72.9,0,unknown
557.38,61.92,61.92,243.65,243.66,304.72,1.2506,0.0186,True,True,True,0.136,1946-1960,D,True,plurifamiliare,muratura portante,3,0.7200000000000001,51.32,0,upper
62.96,62.47,62.47,280.11,280.11,221.34,0.7902,0.0108,True,True,True,0.0292,before 1930,D,True,in linea,muratura portante,3,0.9133333333333334,39.5,0,multi_floor
144.02,135.0,135.0,470.0,470.0,133.7,0.2845,0.0512,True,False,True,0.5196,1930-1945,D,True,in linea,muratura portante,2,0.77,36.24,0,multi_floor
94.13,121.68,121.68,516.44,516.44,431.3,0.8351,0.018,True,True,True,0.0495,1946-1960,D,True,monofamiliare,muratura portante,3,0.42333333333333334,41.3,0,multi_floor
399.54,1973.81,1973.81,8970.44,8970.44,2018.33,0.225,0.0085,True,True,True,0.117,1992-2005,D,False,blocco,c.a. con laterizi,4,0.6966666666666667,436.68,0,multi_floor
255.56,73.0,73.0,261.45,261.45,34.47,0.1318,0.0083,True,True,True,0.1575,1930-1945,D,False,monofamiliare,muratura portante,3,0.24666666666666667,24.02,0,ground
274.44,122.86,14.41,517.83,59.52,380.15,0.7341,0.0676,True,True,True,0.408,1961-1975,D,True,plurifamiliare,muratura portante,3,0.4066666666666667,54.1,0,upper
175.5,646.07,646.07,3416.67,3416.67,1818.01,0.5321,0.0109,True,True,True,0.504,1986-1991,D,False,altro,mista (acciaio + muratura),4,0.85,54.36,0,multi_floor
147.64,102.69,92.8,523.46,471.49,276.25,0.5277,0.0964,True,True,True,0.14,1961-1975,D,False,plurifamiliare,c.a. con laterizi,4,0.71,15.36,0,ground
255.49,74.68,74.68,295.72,295.72,241.31,0.816,0.0322,True,True,True,0.6038,1946-1960,D,True,schiera,muratura portante,3,0.7866666666666666,30.8,0,multi_floor
200.69,98.67,47.27,428.22,203.98,414.31,0.9675,0.0198,True,True,True,0.1914,1961-1975,D,True,monofamiliare,muratura portante,3,0.35666666666666663,72.88,0,multi_floor
266.09,79.91,79.91,292.61,292.61,112.5,0.3845,0.0374,True,True,True,0.3628,1961-1975,E,True,monofamiliare,muratura portante,3,0.6,29.96,0,upper
106.46,160.61,112.49,613.34,426.3,335.15,0.5464,0.0264,True,True,True,0.1573,1986-1991,D,True,plurifamiliare,c.a. con laterizi,3,0.8466666666666667,58.699999999999996,0,multi_floor
143.15,43.27,43.27,177.44,177.44,88.99,0.5015,0.0504,True,True,False,0.1608,1946-1960,D,False,in linea,muratura portante,3,0.905,10.88,0,ground
271.06,168.0,168.0,585.0,585.0,431.9,0.7382,0.0204,True,True,True,0.265,2006-2007,E,True,bifamiliare,legno,3,0.7833333333333332,61.2,0,multi_floor
156.79,83.0,83.0,340.5,340.5,168.12,0.4937,0.0534,True,True,True,0.1833,1976-1985,D,True,monofamiliare,muratura portante,3,0.8133333333333334,55.2,0,upper
262.22,55.1,55.1,218.64,218.64,175.47,0.8026,0.2223,True,True,True,0.2194,1992-2005,D,False,torre,c.a. con laterizi,4,0.5266666666666667,8.69,0,ground
198.68,310.38,310.38,1298.77,1298.77,988.53,0.7611,0.078,True,True,True,0.2273,1992-2005,D,False,altro,c.a. con chiusure in pannelli prefabbricati,4,0.58,36.3,0,ground
300.39,50.38,50.38,244.0,244.0,288.41,1.182,0.0478,True,True,False,0.3227,before 1930,D,False,schiera,muratura portante,2,0.8400000000000001,26.65,0,ground
163.41,172.2,159.91,621.45,574.63,205.57,0.3308,0.0244,True,True,True,0.9502,1961-1975,D,False,plurifamiliare,c.a. con laterizi,4,0.4875,48.46,0,ground
67.82,69.59,65.11,260.77,239.57,85.22,0.3268,0.0317,True,True,True,0.1171,after 2007,D,True,schiera,c.a. con laterizi,3,0.7533333333333334,54.5,0,ground
88.94,83.51,71.16,350.31,300.07,130.37,0.3721,0.0791,True,True,True,0.0254,before 1930,D,True,monofamiliare,muratura portante,3,0.6766666666666667,37.0,0,upper
130.52,65.37,65.37,252.39,252.39,155.74,0.617,0.026,True,True,True,0.0471,1961-1975,D,True,blocco,c.a. con laterizi,3,0.8066666666666666,31.4,0,ground
78.49,51.66,51.66,180.58,180.58,44.67,0.2474,0.0096,True,True,True,0.4522,1961-1975,D,True,plurifamiliare,mista (c.a. + laterizi),3,0.7733333333333334,50.9,0,upper
260.87,51.7,51.7,210.0,210.0,154.38,0.7351,0.0673,True,False,True,0.9021,1986-1991,D,True,in linea,c.a. con laterizi,2,0.71,45.4,0,ground
125.94,100.95,100.95,449.97,449.97,359.62,0.7992,0.0684,True,True,True,0.2046,1992-2005,D,False,blocco,c.a. con chiusure in pannelli prefabbricati,4,0.54,13.129999999999999,0,upper
107.86,112.14,112.14,482.56,482.56,341.46,0.7076,0.0654,True,True,True,0.2082,1992-2005,D,False,blocco,c.a. con chiusure in pannelli prefabbricati,4,0.5375,12.69,0,upper
67.53,104.76,104.76,441.92,441.92,287.99,0.6517,0.0097,True,True,True,0.0308,before 1930,D,True,schiera,muratura portante,3,0.82,60.06,0,unknown
335.52,74.82,74.82,239.25,239.25,87.0,0.3636,0.0,True,True,True,0.5152,1976-1985,E,True,plurifamiliare,muratura portante,3,0.36999999999999994,33.3,0,upper
58.22,110.74,50.67,399.5,184.2,253.71,0.6351,0.0081,True,True,True,0.3719,1986-1991,D,True,schiera,c.a. con laterizi,3,0.81,58.730000000000004,0,multi_floor
188.33,74.76,74.76,282.59,282.59,206.2,0.7297,0.0924,True,True,True,0.1713,after 2007,D,True,bifamiliare,c.a. con laterizi,3,0.7600000000000001,36.9,0,multi_floor
230.19,1230.42,1230.42,4928.51,4928.51,3245.25,0.6585,0.1104,True,True,True,1.4608,2006-2007,D,False,monofamiliare,prefabbricata in c.a.,5,0.6833333333333332,169.37,0,multi_floor
164.5,133.42,133.42,467.51,467.51,303.2,0.6485,0.0401,True,True,True,0.5924,after 2007,D,True,monofamiliare,muratura portante,3,0.5499999999999999,53.9,0,multi_floor
173.98,80.28,80.28,299.15,299.15,246.09,0.8226,0.0309,True,True,True,0.6624,after 2007,D,True,monofamiliare,muratura portante,3,0.5466666666666667,53.0,0,ground
175.78,75.53,75.53,287.5,287.5,209.35,0.7281,0.0924,True,True,True,0.1481,after 2007,D,True,bifamiliare,c.a. con laterizi,3,0.77,30.6,0,multi_floor
200.35,64.67,35.21,237.88,130.99,165.87,0.6973,0.0435,True,True,True,0.1721,after 2007,D,True,schiera,c.a. con laterizi,3,0.5066666666666667,22.759999999999998,0,upper
201.04,91.5,91.5,324.3,324.3,108.1,0.3333,0.0187,True,True,True,0.121,1946-1960,D,True,schiera,legno,3,0.9566666666666667,55.6,0,upper
76.98,636.0,636.0,1908.0,1908.0,1908.0,1.0,0.0004,True,True,False,0.14,1992-2005,D,False,in linea,c.a. con laterizi,2,0.765,14.17,0,ground
82.02,61.72,25.37,240.97,99.18,109.14,0.4529,0.06,True,True,True,0.1825,after 2007,D,True,schiera,c.a. con laterizi,3,0.4466666666666666,37.3,0,upper
141.43,73.83,50.99,272.75,187.38,159.45,0.5846,0.0601,True,True,True,0.2262,1992-2005,D,True,plurifamiliare,c.a. con laterizi,3,0.47333333333333333,18.78,0,upper
160.57,146.01,146.01,384.72,384.72,313.93,0.816,0.03,True,True,True,0.2406,1976-1985,D,True,plurifamiliare,c.a. con laterizi,3,0.6633333333333333,61.300000000000004,0,upper
106.75,70.88,70.88,239.72,239.72,66.49,0.2774,0.0263,True,True,True,0.6136,1961-1975,D,True,plurifamiliare,c.a. con laterizi,3,0.5599999999999999,54.099999999999994,0,upper
117.34,167.86,17.91,647.27,68.89,404.62,0.6251,0.0798,True,True,True,0.325,1976-1985,D,True,bifamiliare,mista (c.a. + laterizi),3,0.5166666666666667,39.65,0,multi_floor
261.41,67.52,36.55,299.47,160.66,215.72,0.7203,0.0335,True,True,True,0.6825,before 1930,D,True,plurifamiliare,muratura portante,3,0.5433333333333333,34.099999999999994,0,upper
344.9,79.99,79.99,282.55,282.55,269.66,0.9544,0.04,True,True,True,0.4745,2006-2007,D,True,altro,mista (c.a. + laterizi),3,0.7799999999999999,3.0,2,upper
26.59,136.07,136.07,591.22,591.22,426.2,0.7209,0.0274,True,True,True,0.0528,after 2007,E,True,bifamiliare,c.a. con laterizi,3,0.6633333333333333,21.82,0,upper
59.07,94.84,94.84,388.42,388.42,254.67,0.6557,0.0216,True,True,True,0.0299,1961-1975,D,True,plurifamiliare,muratura portante,3,0.9366666666666666,53.1,0,upper
142.67,90.62,22.16,319.64,78.42,128.79,0.4029,0.0859,True,True,True,0.2943,1992-2005,D,True,plurifamiliare,c.a. con laterizi,3,0.51,55.55,0,upper
331.26,94.21,94.21,430.5,430.5,257.2,0.5974,0.1728,True,True,True,0.3443,1976-1985,E,False,plurifamiliare,c.a. con laterizi,4,0.475,18.42,0,ground
250.59,80.38,52.65,249.35,162.11,310.98,1.2472,0.0631,True,True,True,0.2223,1992-2005,E,True,plurifamiliare,c.a. con laterizi,3,0.6633333333333334,50.6,0,multi_floor
281.58,74.78,74.78,251.78,251.78,37.9,0.1505,0.0292,True,True,True,0.1089,after 2007,D,False,blocco,c.a. con laterizi,4,0.34,141.41,0,upper
213.65,94.77,94.77,350.37,350.37,247.38,0.7061,0.0354,True,True,True,0.6221,1992-2005,E,True,plurifamiliare,muratura portante,3,0.71,32.879999999999995,0,ground
83.0,34.89,34.89,130.24,130.24,38.73,0.2974,0.0089,True,True,True,0.0394,1961-1975,D,True,in linea,muratura portante,3,0.5433333333333333,8.38,0,upper
95.24,103.68,103.68,380.66,380.66,133.65,0.3511,0.0392,True,True,True,0.3949,1961-1975,D,True,plurifamiliare,c.a. con laterizi,3,0.7833333333333333,34.9,0,upper
253.12,71.18,71.18,318.46,318.46,92.87,0.2916,0.0489,True,True,True,0.4693,1976-1985,E,True,plurifamiliare,c.a. con laterizi,3,0.36000000000000004,40.93,0,upper
150.36,71.7,71.7,272.06,272.06,206.1,0.7575,0.0231,True,True,True,0.0487,after 2007,D,True,blocco,c.a. con laterizi,3,0.9333333333333332,53.1,0,ground
203.6,68.98,27.6,293.26,128.6,246.18,0.8395,0.0464,True,True,True,1.0241,1986-1991,D,True,schiera,c.a. con laterizi,3,0.38000000000000006,31.8,0,ground
127.81,138.71,138.71,561.83,561.83,553.37,0.9849,0.0116,True,True,True,0.4713,1961-1975,D,True,monofamiliare,c.a. con laterizi,3,0.7799999999999999,47.02,0,ground
145.23,31.91,31.91,114.96,114.96,69.28,0.6027,0.0355,True,True,True,0.6376,1992-2005,D,True,schiera,c.a. con laterizi,3,0.5766666666666667,8.9,0,ground
529.33,95.0,95.0,354.45,354.46,380.6,1.0737,0.0111,True,True,True,1.1613,1992-2005,D,False,schiera,acciaio con chiusure in pannelli prefabbricati,3,0.7266666666666667,62.0,0,ground
231.43,79.79,22.45,345.41,114.89,284.76,0.8244,0.0341,True,True,True,0.2174,1986-1991,D,True,plurifamiliare,c.a. con laterizi,4,0.5133333333333333,31.089999999999996,0,ground
73.12,217.95,217.95,862.54,862.54,592.11,0.6865,0.1093,True,False,True,0.1077,1961-1975,D,True,altro,altro,3,0.5966666666666667,55.96,0,ground
121.91,40.28,40.28,116.49,116.49,136.8,1.1744,0.0553,True,True,True,0.007,1930-1945,D,True,plurifamiliare,muratura portante,3,0.7166666666666667,50.05,0,upper
73.0,58.66,58.66,202.39,202.39,171.14,0.8456,0.003,True,True,True,0.8994,1976-1985,D,True,plurifamiliare,c.a. con laterizi,3,0.49333333333333335,14.0,0,underground
124.06,105.5,105.5,316.54,316.54,105.5,0.3332,0.0174,True,True,True,0.265,1961-1975,D,True,in linea,legno,3,0.6266666666666667,55.4,0,upper
139.16,104.69,104.69,398.51,398.51,279.13,0.7004,0.0,True,True,True,0.2917,1946-1960,D,True,blocco,muratura portante,3,0.7000000000000001,36.8,0,upper
41.81,195.65,195.65,797.75,797.75,347.01,0.435,0.0163,True,True,True,0.0611,after 2007,D,True,in linea,c.a. con laterizi,3,0.9033333333333333,41.4,0,multi_floor
166.45,64.3,64.3,247.57,247.57,189.35,0.7648,0.0306,True,True,True,0.4466,1961-1975,D,True,plurifamiliare,c.a. con laterizi,3,0.7800000000000001,31.509999999999998,0,upper
214.8,69.92,69.92,279.21,279.21,169.99,0.6088,0.1291,True,True,False,0.2919,1992-2005,D,False,monofamiliare,muratura portante,3,0.7533333333333334,6.0,0,multi_floor
189.84,122.27,107.22,445.17,387.37,141.88,0.3187,0.0709,True,True,True,0.9078,1961-1975,D,False,monofamiliare,muratura portante,5,0.54,373.13,0,upper
118.72,74.75,50.4,274.61,185.7,177.92,0.6479,0.0545,True,True,True,0.062,1961-1975,D,True,plurifamiliare,muratura portante,3,0.9033333333333333,53.7,0,upper
186.52,73.74,73.74,266.47,266.47,105.8,0.397,0.0099,True,True,True,0.4171,1961-1975,D,True,in linea,muratura portante,3,0.64,49.3,0,upper
150.31,73.99,73.99,221.97,221.97,95.79,0.4315,0.0705,True,True,True,0.1696,1961-1975,D,True,plurifamiliare,muratura portante,3,0.69,29.5,0,upper
147.71,73.31,73.31,295.73,295.73,188.72,0.6382,0.0494,True,True,True,0.2969,1961-1975,D,True,schiera,c.a. con laterizi,3,0.7266666666666667,30.75,0,upper
204.26,45.16,45.16,205.09,205.09,148.02,0.7217,0.0376,True,True,True,0.0249,1961-1975,D,True,plurifamiliare,muratura portante,3,0.6333333333333333,31.2,0,ground
65.12,170.64,127.25,577.49,431.16,140.73,0.2437,0.0083,True,True,True,0.1448,1992-2005,E,True,schiera,muratura portante,3,0.6533333333333333,15.6,1,multi_floor
130.14,130.67,130.67,553.57,553.57,308.17,0.5567,0.0377,True,True,True,0.032,before 1930,D,True,in linea,muratura portante,3,0.9,48.5,0,multi_floor
117.21,29.02,29.02,78.31,78.31,29.02,0.3705,0.0081,True,True,True,0.037,1992-2005,D,True,plurifamiliare,legno,3,0.6966666666666668,6.6,0,ground
186.59,32.61,28.59,119.03,105.32,44.81,0.3764,0.1085,True,True,True,0.5778,1992-2005,D,True,altro,c.a. con laterizi,3,0.6133333333333334,6.1,0,upper
337.69,60.0,60.0,277.44,277.44,282.86,1.0195,0.0326,True,True,True,0.0926,1946-1960,E,True,in linea,muratura portante,3,0.7133333333333334,54.0,0,multi_floor
64.04,114.3,24.67,517.78,116.57,351.89,0.6796,0.0149,True,True,True,0.0142,1976-1985,D,True,bifamiliare,muratura portante,3,0.9966666666666667,40.7,0,ground
240.97,39.19,39.19,213.49,213.49,135.35,0.634,0.073,True,True,True,0.399,2006-2007,D,True,plurifamiliare,c.a. con laterizi,3,0.79,24.200000000000003,0,ground
12.96,88.3,27.61,355.91,108.92,285.62,0.8025,0.0195,True,True,True,0.4198,2006-2007,D,True,monofamiliare,muratura portante,3,0.84,53.3,0,multi_floor
168.12,29.5,29.5,109.2,109.2,27.0,0.2473,0.016,True,True,True,0.3896,1992-2005,D,True,plurifamiliare,muratura portante,3,0.4633333333333334,8.1,0,underground
103.27,55.57,51.81,198.01,183.42,78.55,0.3967,0.058,True,True,True,0.1309,1992-2005,D,True,in linea,mista (c.a. + laterizi),3,0.7866666666666666,50.7,0,upper
221.03,68.49,49.78,263.65,191.63,190.58,0.7229,0.03,True,False,True,0.2252,1986-1991,D,True,altro,altro,2,0.54,39.48,0,ground
115.21,98.43,98.43,341.0,341.0,144.09,0.4226,0.0967,True,False,True,0.2238,1976-1985,D,True,bifamiliare,c.a. con laterizi,2,0.63,46.34,0,upper
209.36,102.0,102.0,326.0,326.0,124.0,0.3804,0.0237,True,True,True,0.0849,1930-1945,D,True,torre,muratura portante,3,0.45333333333333337,51.84,0,upper
247.17,566.69,264.79,2459.75,999.9,1312.13,0.5334,0.0509,True,True,True,0.3866,before 1930,D,False,in linea,muratura portante,4,0.81,10.010000000000002,0,ground
156.79,78.0,78.0,218.0,218.0,175.77,0.8062,0.0135,True,True,True,0.5,1961-1975,D,True,plurifamiliare,legno,3,0.8733333333333334,53.0,0,ground
216.17,296.97,20.68,3642.05,1821.02,1751.36,0.4809,0.0937,True,True,True,0.7752,1961-1975,D,False,altro,acciaio con chiusure in muratura,4,0.36000000000000004,14.36,0,ground
84.52,132.81,34.77,468.21,111.76,338.86,0.7237,0.0307,True,True,True,0.1899,1992-2005,E,True,bifamiliare,c.a. con laterizi,3,0.86,33.9,0,upper
267.06,38.12,18.83,142.17,69.12,166.89,1.1739,0.0359,True,True,True,0.1008,before 1930,D,True,bifamiliare,muratura portante,3,0.5733333333333334,3.08,1,upper
127.46,91.81,91.81,275.57,275.57,77.85,0.2825,0.0227,True,True,True,0.6155,1961-1975,D,True,blocco,c.a. con laterizi,3,0.47666666666666674,31.0,0,upper
227.93,69.99,69.99,213.7,213.7,69.99,0.3275,0.0074,True,True,True,0.039,1946-1960,D,True,in linea,legno,3,0.5233333333333333,54.8,0,ground
280.95,52.95,52.95,202.67,202.67,136.01,0.6711,0.037,True,True,True,0.6073,1946-1960,D,True,plurifamiliare,muratura portante,3,0.7366666666666667,24.5,1,upper
189.47,240.0,240.0,1275.6,1275.6,696.88,0.5463,0.0,True,True,False,0.3924,1976-1985,E,False,plurifamiliare,c.a. con laterizi,3,0.37999999999999995,40.6,0,upper
108.38,44.74,44.74,182.63,182.63,91.5,0.501,0.0503,True,True,True,0.4268,1961-1975,D,False,altro,muratura portante,3,0.6233333333333334,13.2,0,ground
129.26,78.53,78.53,283.8,283.8,86.0,0.303,0.0186,True,True,True,0.1695,after 2007,D,True,plurifamiliare,c.a. con laterizi,3,0.6766666666666667,51.7,0,ground
153.77,28.35,28.35,110.88,110.88,95.94,0.8653,0.0122,True,True,True,1.1712,1930-1945,D,True,in linea,muratura portante,3,0.45999999999999996,28.9,0,upper
123.44,418.81,418.81,3382.34,3382.34,1365.01,0.4036,0.0631,True,True,True,0.1954,1992-2005,E,False,in linea,prefabbricata in c.a.,3,0.5299999999999999,31.299999999999997,0,ground
314.58,40.64,40.64,164.27,164.27,206.31,1.2559,0.1459,True,True,True,1.7603,2006-2007,D,True,torre,muratura portante,3,0.7466666666666667,51.5,0,ground
307.38,72.63,72.63,274.28,274.28,238.16,0.8683,0.0381,True,True,True,0.8708,1961-1975,D,True,in linea,c.a. con laterizi,3,0.68,30.900000000000002,0,upper
210.64,99.72,99.72,299.16,299.16,186.18,0.6223,0.0593,True,True,True,0.5501,1961-1975,D,False,altro,c.a. con laterizi,4,0.9333333333333335,30.8,0,upper
147.15,169.17,169.17,615.01,615.01,550.93,0.8958,0.0835,True,True,False,0.2531,after 2007,D,False,monofamiliare,muratura portante,3,0.875,31.759999999999998,0,upper
159.91,74.45,74.45,234.71,234.71,165.61,0.7056,0.0506,True,True,True,0.1772,after 2007,D,True,in linea,muratura portante,3,0.6466666666666666,50.5,0,ground
105.1,88.41,88.41,320.67,320.67,151.18,0.4715,0.0215,True,True,True,0.2096,1992-2005,D,True,plurifamiliare,c.a. con laterizi,3,0.8033333333333333,50.13,0,upper
58.21,76.22,71.32,305.01,285.4,204.89,0.6717,0.0137,True,False,True,0.0235,1961-1975,E,True,plurifamiliare,c.a. con laterizi,2,0.87,47.52,0,upper
53.44,40.31,40.31,161.16,161.16,74.76,0.4639,0.1019,True,True,True,0.0211,after 2007,D,True,plurifamiliare,c.a. con laterizi,3,0.98,12.01,0,upper
42.47,39.05,39.05,149.23,149.23,39.31,0.2634,0.0526,True,True,True,0.0128,after 2007,D,True,plurifamiliare,c.a. con laterizi,3,0.81,12.01,0,upper
202.97,189.87,59.31,821.46,260.15,362.22,0.4409,0.0442,True,True,True,0.8452,before 1930,D,False,monofamiliare,muratura portante,4,0.8099999999999999,60.6,0,ground
220.87,68.65,68.65,267.15,267.15,196.09,0.734,0.0256,True,True,True,0.4942,1961-1975,D,True,plurifamiliare,c.a. con laterizi,3,0.8666666666666667,29.64,0,upper
103.41,1096.38,237.83,7908.52,1012.87,2726.65,0.3448,0.0161,True,True,True,0.1757,1992-2005,D,False,monofamiliare,muratura portante,3,0.7966666666666665,31.2,0,multi_floor
160.29,88.49,88.49,341.35,341.35,270.23,0.7917,0.069,True,True,False,0.1129,1961-1975,D,False,plurifamiliare,mista (c.a. + laterizi),3,0.6599999999999999,13.9,0,ground
152.66,206.74,206.74,920.12,920.12,666.53,0.7244,0.0145,True,False,True,0.2054,1976-1985,D,True,monofamiliare,c.a. con laterizi,2,0.7,30.4,0,multi_floor
177.96,39.88,39.88,166.78,166.78,116.46,0.6983,0.141,True,True,False,0.2784,1992-2005,D,False,blocco,c.a. con laterizi,3,0.645,7.97,0,ground
133.8,107.24,74.74,491.17,332.47,104.36,0.2125,0.0348,True,True,True,2.261,before 1930,D,True,plurifamiliare,muratura portante,3,0.44333333333333336,27.45,0,upper
255.35,67.89,67.89,203.67,203.67,129.96,0.6381,0.0589,True,True,True,0.6001,1961-1975,D,False,altro,c.a. con laterizi,4,0.8433333333333333,30.8,0,upper
121.17,73.18,73.18,275.35,275.35,198.21,0.7199,0.0515,True,True,True,0.0749,after 2007,D,True,schiera,c.a. con laterizi,3,0.8166666666666668,31.81,0,upper
250.79,240.0,240.0,1357.57,1357.58,577.1,0.425,0.017,True,True,True,0.2945,1961-1975,D,True,bifamiliare,muratura portante,3,0.58,64.1,0,upper
171.96,93.06,93.06,344.83,344.83,241.66,0.7008,0.0246,True,True,True,0.523,1976-1985,D,True,plurifamiliare,c.a. con laterizi,3,0.94,33.7,0,upper
97.08,74.44,74.44,327.65,327.65,213.89,0.6528,0.0417,True,True,True,0.1174,1992-2005,D,True,plurifamiliare,muratura portante,3,0.8666666666666667,19.189999999999998,0,upper
79.27,100.04,100.04,489.57,489.57,364.63,0.7448,0.0355,True,True,True,0.1463,1986-1991,D,True,monofamiliare,muratura portante,3,0.5566666666666666,42.1,0,multi_floor
215.85,87.55,87.55,305.48,305.48,206.46,0.6759,0.0138,True,True,True,0.6178,2006-2007,E,True,monofamiliare,muratura portante,3,0.7799999999999999,51.9,0,upper
201.38,92.92,15.93,374.1,66.44,238.3,0.637,0.0269,True,True,True,0.4601,1961-1975,D,True,plurifamiliare,c.a. con laterizi,3,0.5033333333333333,53.15,0,upper
82.8,83.66,23.71,324.12,84.01,193.18,0.596,0.0388,True,True,True,0.1434,1992-2005,D,True,plurifamiliare,c.a. con laterizi,3,0.61,30.6,0,multi_floor
84.15,73.81,32.3,288.49,125.2,182.66,0.6332,0.054,True,True,True,0.2733,1992-2005,E,True,monofamiliare,muratura portante,3,0.9466666666666667,25.400000000000002,0,ground
119.85,94.36,94.36,317.15,317.15,126.09,0.3976,0.0407,True,True,True,0.6136,1961-1975,D,True,plurifamiliare,c.a. con laterizi,3,0.5466666666666667,43.3,0,upper
138.02,25.13,25.13,75.91,75.91,25.13,0.331,0.0097,True,True,True,0.14,1961-1975,D,True,in linea,legno,3,0.6966666666666667,6.4,0,ground
166.7,76.72,54.5,260.4,192.52,140.61,0.54,0.0227,True,True,True,0.7926,1986-1991,D,True,plurifamiliare,c.a. con laterizi,3,0.8133333333333334,32.6,0,multi_floor
226.76,104.0,104.0,397.12,397.12,315.99,0.7957,0.0198,True,True,True,0.5938,1992-2005,D,True,in linea,muratura portante,3,0.7399999999999999,61.5,0,ground
188.83,1226.56,309.14,5762.96,1350.62,2117.46,0.3674,0.0352,True,True,True,0.292,1961-1975,D,False,in linea,c.a. con laterizi,4,0.4033333333333333,314.02,0,multi_floor
84.88,66.12,66.12,258.06,258.06,73.73,0.2857,0.0488,True,False,True,0.3416,1946-1960,D,True,altro,altro,2,0.815,47.36,0,unknown
146.8,702.23,702.23,2685.43,2685.43,1453.5,0.5413,0.0235,True,True,True,0.5227,1961-1975,D,False,torre,c.a. con laterizi,5,0.7333333333333334,281.11,0,multi_floor
157.86,87.14,87.14,321.44,321.44,233.06,0.725,0.0691,True,True,True,0.1557,1961-1975,D,True,bifamiliare,c.a. con laterizi,3,0.6533333333333333,46.5,0,upper
196.74,1708.97,1708.97,11488.87,11488.87,4540.72,0.3952,0.0132,True,True,True,0.8534,before 1930,D,False,blocco,mista (muratura + legno),4,0.9100000000000001,115.67999999999999,0,multi_floor
45.53,82.49,82.49,328.62,328.62,223.05,0.6787,0.0206,True,True,True,0.0741,1976-1985,D,True,plurifamiliare,c.a. con laterizi,4,0.8966666666666668,29.86,0,upper
314.96,48.11,23.52,197.99,94.12,124.95,0.6311,0.0369,True,True,True,0.674,1961-1975,D,True,in linea,c.a. con laterizi,3,0.68,50.9,0,upper
140.87,30.09,30.09,109.23,109.23,52.2,0.4779,0.1335,True,True,True,0.3805,1992-2005,D,True,plurifamiliare,c.a. con laterizi,3,0.5833333333333334,11.4,0,upper
70.43,176.75,176.75,797.68,797.68,474.56,0.5949,0.0272,True,True,True,0.1568,before 1930,D,True,monofamiliare,muratura portante,3,0.9266666666666667,71.1,0,multi_floor
207.48,142.04,104.57,591.94,441.94,509.47,0.8607,0.0609,True,True,True,0.2875,after 2007,D,True,monofamiliare,muratura portante,3,0.5633333333333334,41.4,0,multi_floor
66.35,62.33,62.33,302.04,302.04,132.87,0.4399,0.1306,True,False,False,0.0434,1946-1960,D,False,altro,altro,1,0.49,12.31,0,ground
36.12,146.39,146.39,557.4,557.4,316.98,0.5687,0.0263,True,True,True,0.0722,before 1930,D,True,monofamiliare,muratura portante,3,0.9966666666666667,71.1,0,multi_floor
500.71,92.93,92.93,575.0,575.0,396.47,0.6895,0.0255,True,True,True,0.9998,1946-1960,E,True,plurifamiliare,muratura portante,3,0.5833333333333334,30.2,0,upper
107.55,80.63,30.9,309.81,114.38,118.37,0.3821,0.0352,True,True,True,0.4285,1976-1985,D,True,plurifamiliare,c.a. con laterizi,3,0.64,31.5,0,upper
96.42,398.65,398.65,1519.88,1519.88,699.09,0.46,0.086,True,True,True,0.4083,1992-2005,D,False,in linea,c.a. con laterizi,3,0.59,22.4,0,underground
173.37,72.22,40.58,275.45,154.56,146.6,0.5322,0.019,True,True,True,0.53,1986-1991,E,True,plurifamiliare,c.a. con laterizi,3,0.7833333333333333,36.2,0,upper
86.29,55.59,55.59,211.6,211.6,174.8,0.8261,0.0115,True,True,True,0.0376,after 2007,D,True,bifamiliare,legno,4,0.7866666666666666,23.61,0,ground
166.2,180.0,180.0,681.77,681.78,202.64,0.2972,0.0119,True,True,True,0.541,1961-1975,D,True,monofamiliare,legno,3,0.7333333333333333,65.5,0,upper
419.88,74.9,74.9,386.08,386.08,175.0,0.4533,0.103,True,True,False,0.14,before 1930,D,False,plurifamiliare,muratura portante,3,0.435,21.75,0,ground
151.32,84.0,84.0,325.63,325.63,276.75,0.8499,0.0518,True,False,False,1.1235,before 1930,E,True,monofamiliare,muratura portante,1,0.39,14.14,0,upper
196.83,46.79,16.22,184.9,63.74,150.73,0.8152,0.0313,True,True,True,0.681,before 1930,D,True,in linea,muratura portante,3,0.7633333333333333,30.3,0,upper
147.98,120.88,89.48,436.51,330.26,351.69,0.8057,0.0386,True,True,True,0.0343,2006-2007,D,True,monofamiliare,muratura portante,3,0.6466666666666666,41.1,0,multi_floor
186.65,72.22,72.22,289.92,289.92,204.06,0.7039,0.0317,True,False,True,0.6192,1961-1975,D,True,plurifamiliare,c.a. con laterizi,2,0.85,46.1,0,ground
175.04,100.81,100.81,434.97,434.97,163.36,0.3756,0.0201,True,False,True,0.2413,1946-1960,D,True,plurifamiliare,muratura portante,2,0.745,47.92,0,upper
329.03,72.82,72.82,270.7,270.7,199.62,0.7374,0.0201,True,True,True,0.4218,1961-1975,D,True,plurifamiliare,muratura portante,3,0.5266666666666667,53.599999999999994,0,ground
265.69,109.25,109.25,450.06,450.06,292.1,0.649,0.0181,True,False,True,0.5103,1946-1960,D,True,plurifamiliare,muratura portante,2,0.8200000000000001,55.78,0,upper
228.93,95.31,95.31,424.96,424.96,284.51,0.6695,0.0211,True,False,True,0.1587,1946-1960,D,True,plurifamiliare,muratura portante,2,0.735,43.34,0,ground
279.69,72.5,61.98,280.63,240.2,172.09,0.6132,0.0694,True,True,True,0.0457,1986-1991,D,True,schiera,c.a. con laterizi,3,0.6133333333333333,35.2,0,upper
113.53,82.83,82.83,410.21,410.21,133.75,0.3261,0.0096,True,True,True,0.1685,before 1930,D,True,corte,muratura portante,3,0.8733333333333334,54.5,0,upper
138.35,92.36,92.36,368.47,368.47,235.6,0.6394,0.0395,True,True,True,0.5205,1976-1985,E,True,monofamiliare,muratura portante,3,0.7666666666666666,46.3,0,upper
157.11,62.66,62.66,222.06,222.06,128.36,0.578,0.0696,True,True,True,0.0336,1992-2005,D,False,plurifamiliare,prefabbricata in c.a.,3,0.41333333333333333,50.1,0,upper
53.0,105.63,42.69,570.43,239.56,338.03,0.5926,0.0174,True,True,True,0.2631,2006-2007,D,True,monofamiliare,muratura portante,3,0.87,40.1,0,upper
175.38,45.84,45.84,206.62,206.62,231.39,1.1199,0.0,True,True,False,0.4356,after 2007,D,False,bifamiliare,c.a. con laterizi,3,0.74,14.74,0,underground
297.23,128.61,128.61,486.04,486.04,292.7,0.6022,0.0448,True,True,True,0.9646,before 1930,E,True,monofamiliare,muratura portante,3,0.4666666666666666,29.4,0,multi_floor
373.45,119.44,119.44,465.4,465.4,468.08,1.0058,0.0914,True,True,True,0.4917,1961-1975,D,False,blocco,muratura portante,3,0.6166666666666667,29.439999999999998,0,ground
246.38,103.0,103.0,384.17,384.17,256.6,0.6679,0.0395,True,True,True,0.4703,1961-1975,E,True,plurifamiliare,muratura portante,3,0.47,52.4,0,upper
118.64,89.81,50.74,312.79,174.41,108.68,0.3474,0.0302,True,True,True,0.7403,1986-1991,D,True,plurifamiliare,c.a. con laterizi,3,0.6333333333333333,50.5,0,upper
288.23,108.25,108.25,404.32,404.32,421.9,1.0435,0.0113,True,True,False,0.6197,1976-1985,D,True,in linea,muratura portante,2,0.365,2.5,1,upper
333.68,26.94,26.94,104.65,104.65,135.97,1.2993,0.0835,True,True,True,0.4703,1976-1985,D,True,blocco,muratura portante,3,0.43,12.45,0,ground
51.79,100.27,100.27,385.04,385.04,186.59,0.4846,0.0165,True,True,True,0.0411,1961-1975,D,True,in linea,c.a. con laterizi,3,0.9866666666666667,46.8,0,ground
236.39,89.55,89.55,384.26,384.26,379.4,0.9874,0.0235,True,True,True,0.3626,1961-1975,D,True,plurifamiliare,c.a. con laterizi,3,0.86,58.4,0,upper
114.33,61.5,35.43,234.78,133.94,157.93,0.6727,0.0886,True,True,True,0.0462,after 2007,D,True,schiera,c.a. con laterizi,3,0.5499999999999999,31.5,0,upper
47.78,62.6,62.6,334.59,334.59,282.25,0.8436,0.0383,True,True,True,0.0373,1930-1945,D,True,schiera,muratura portante,3,0.88,47.08,0,multi_floor
152.04,109.16,109.16,407.29,407.29,138.89,0.341,0.0157,True,True,True,0.541,1976-1985,D,True,plurifamiliare,legno,3,0.71,37.0,0,upper
134.46,66.53,66.53,260.3,260.3,189.74,0.7289,0.0211,True,True,True,0.1233,2006-2007,D,True,in linea,c.a. con laterizi,3,0.7833333333333333,34.81,0,ground
155.27,48.86,48.86,220.96,220.96,179.22,0.8111,0.0725,True,True,False,0.0394,before 1930,D,False,in linea,muratura portante,3,0.73,5.5,0,ground
683.06,177.5,177.5,724.29,724.29,577.67,0.7976,0.045,True,True,True,0.34,1992-2005,D,False,altro,muratura portante,4,0.5333333333333333,45.790000000000006,0,multi_floor
83.87,85.82,13.91,323.39,55.3,148.38,0.4588,0.0691,True,True,True,0.4586,1976-1985,D,True,torre,c.a. con laterizi,3,0.5666666666666667,29.6,0,upper
127.19,80.71,80.71,404.25,404.25,295.46,0.7309,0.0643,True,False,True,0.0392,1946-1960,D,True,altro,altro,2,0.74,46.6,0,unknown
60.7,104.19,62.11,380.87,225.74,103.27,0.2711,0.0534,True,True,True,0.7836,1976-1985,D,True,plurifamiliare,c.a. con laterizi,3,0.89,30.2,0,upper
192.32,116.21,116.21,429.21,429.21,331.65,0.7727,0.0432,True,True,True,0.5957,1992-2005,D,True,monofamiliare,muratura portante,3,0.7466666666666667,45.7,0,ground
146.42,143.25,143.25,510.22,510.23,281.58,0.5518,0.0226,True,True,True,0.198,1992-2005,D,True,bifamiliare,muratura portante,3,0.79,54.0,0,multi_floor
166.31,73.74,73.74,264.2,264.2,181.06,0.6853,0.0414,True,True,True,0.1239,after 2007,E,True,plurifamiliare,c.a. con laterizi,3,0.7966666666666667,56.300000000000004,0,upper
207.97,67.03,67.03,221.55,221.55,137.51,0.6207,0.0494,True,True,True,0.1993,1976-1985,D,True,plurifamiliare,muratura portante,3,0.5133333333333333,29.62,0,upper
39.99,259.61,233.32,1149.81,1031.79,762.71,0.6633,0.0277,True,True,True,0.0381,1976-1985,D,True,altro,altro,3,0.8466666666666667,82.10000000000001,0,multi_floor
112.41,88.8,88.8,332.77,332.77,107.53,0.3231,0.0619,True,True,True,0.1271,1961-1975,D,True,in linea,muratura portante,3,0.7333333333333334,50.5,0,upper
180.84,36.86,36.86,97.8,97.8,26.75,0.2735,0.0074,True,True,True,0.4187,1976-1985,D,True,schiera,legno,3,0.7033333333333333,4.0,0,multi_floor
115.82,1928.81,1928.81,11752.34,11752.34,5113.66,0.4351,0.0455,True,True,True,0.7437,after 2007,D,False,monofamiliare,prefabbricata in c.a.,4,0.53,242.17999999999998,0,ground
102.3,68.34,68.34,272.45,272.45,124.59,0.4573,0.0171,True,True,True,0.1089,after 2007,D,True,schiera,c.a. con laterizi,3,0.7599999999999999,50.5,0,upper
252.34,92.37,92.37,375.54,375.54,296.09,0.7884,0.0105,True,True,True,0.8092,1961-1975,D,True,plurifamiliare,c.a. con laterizi,3,0.49666666666666665,50.5,0,upper
142.23,184.96,184.96,633.14,633.14,386.46,0.6104,0.0535,True,True,True,0.2599,1976-1985,D,False,plurifamiliare,c.a. con laterizi,4,0.75,13.62,0,ground
214.86,101.28,101.28,324.48,324.48,239.39,0.7378,0.0496,True,True,True,0.4701,1961-1975,D,True,plurifamiliare,muratura portante,3,0.6466666666666666,52.650000000000006,0,upper
70.75,59.88,59.88,165.04,165.04,73.38,0.4446,0.0764,True,True,True,0.01,after 2007,D,True,in linea,c.a. con laterizi,3,0.8566666666666666,143.20000000000002,0,upper
176.83,132.72,85.59,500.35,312.89,338.41,0.6763,0.0456,True,True,True,0.3851,1992-2005,D,True,plurifamiliare,muratura portante,3,0.9766666666666667,28.560000000000002,0,multi_floor
142.7,110.72,110.72,485.78,485.78,146.95,0.3025,0.0282,True,True,True,0.2886,1930-1945,D,True,in linea,muratura portante,3,0.7066666666666667,51.5,0,upper
181.45,2000.22,1465.03,7778.53,5629.09,4255.95,0.5471,0.051,True,True,True,0.6221,1976-1985,D,False,blocco,muratura portante,3,0.6633333333333333,271.0,0,multi_floor
123.13,62.06,62.06,268.9,268.9,163.87,0.6094,0.0771,True,True,True,0.14,before 1930,D,False,in linea,muratura portante,4,0.7233333333333333,11.05,0,ground
194.42,26.29,26.29,125.15,125.15,80.19,0.6408,0.1028,True,True,True,0.14,before 1930,D,False,in linea,muratura portante,4,0.7033333333333333,6.5200000000000005,0,ground
156.58,54.33,54.33,204.56,204.56,142.13,0.6948,0.0619,True,True,True,0.6473,2006-2007,D,True,plurifamiliare,c.a. con laterizi,3,0.6833333333333335,32.300000000000004,0,upper
89.97,43.55,43.55,186.11,186.11,79.86,0.4291,0.053,True,True,True,0.0529,1992-2005,D,False,plurifamiliare,c.a. con laterizi,4,0.7799999999999999,11.5,0,upper
119.14,1933.25,478.72,11288.19,2138.59,4228.28,0.3746,0.0109,True,True,True,1.058,2006-2007,D,False,monofamiliare,muratura portante,4,0.3175,323.67,0,multi_floor
44.69,149.85,104.22,546.68,385.38,389.31,0.7121,0.0203,True,True,True,0.2062,1976-1985,D,True,bifamiliare,c.a. con laterizi,3,0.8799999999999999,40.099999999999994,0,multi_floor
140.78,95.12,87.0,358.14,327.57,84.99,0.2373,0.0238,True,True,True,0.7406,1961-1975,D,True,in linea,c.a. con laterizi,3,0.75,55.44,0,upper
112.85,46.0,46.0,150.77,150.77,101.86,0.6756,0.0623,True,False,True,0.0787,1946-1960,D,True,altro,altro,2,0.675,47.68,0,ground
196.25,117.05,117.05,495.32,495.32,390.99,0.7894,0.0986,True,True,True,0.1271,1986-1991,D,True,in linea,muratura portante,3,0.98,59.5,0,upper
356.65,202.57,202.57,813.49,813.49,578.8,0.7115,0.0321,True,True,True,0.4809,before 1930,E,True,monofamiliare,muratura portante,3,0.3066666666666667,30.0,0,multi_floor
73.26,436.15,436.15,1802.8,1802.8,294.48,0.1633,0.059,True,True,True,0.1672,after 2007,D,False,plurifamiliare,mista (c.a. + laterizi),3,0.79,37.8,2,multi_floor
209.05,103.73,103.73,376.34,376.34,261.49,0.6948,0.089,True,True,True,0.1224,after 2007,E,True,plurifamiliare,c.a. con laterizi,3,0.7000000000000001,41.1,0,ground
138.53,41.71,37.61,158.82,138.02,70.03,0.441,0.115,True,True,True,0.112,1992-2005,D,True,corte,mista (altro),3,0.8300000000000001,50.85,0,upper
124.54,420.01,20.0,1686.71,85.61,869.95,0.5158,0.03,True,True,True,0.296,before 1930,D,True,monofamiliare,muratura portante,3,0.7133333333333334,31.6,0,multi_floor
181.02,73.18,73.18,298.22,298.22,298.06,0.9995,0.0264,True,True,True,0.1047,1986-1991,D,True,bifamiliare,c.a. con laterizi,3,0.75,42.9,0,ground
172.29,66.0,66.0,274.72,274.72,201.3,0.7327,0.0241,True,True,True,0.039,before 1930,D,False,schiera,muratura portante,3,0.7233333333333333,5.0,0,ground
131.91,104.69,104.69,452.15,452.15,288.93,0.639,0.0596,True,True,True,0.2184,1986-1991,D,True,in linea,c.a. con laterizi,3,0.9166666666666666,32.55,0,multi_floor
137.02,62.0,62.0,219.0,219.0,61.64,0.2815,0.0667,True,True,True,0.2955,1992-2005,D,True,monofamiliare,muratura portante,3,0.7333333333333334,54.3,0,upper
133.39,91.19,24.01,326.53,81.7,137.69,0.4217,0.0236,True,True,True,0.2348,1992-2005,D,True,plurifamiliare,c.a. con laterizi,3,0.41333333333333333,49.2,0,upper
147.9,29.95,29.95,148.49,148.49,74.35,0.5007,0.074,True,True,False,0.0186,after 2007,D,False,plurifamiliare,muratura portante,3,0.63,9.75,0,ground
189.06,89.48,38.72,337.37,143.96,237.13,0.7029,0.0562,True,True,True,0.3819,1992-2005,D,True,in linea,c.a. con laterizi,3,0.5766666666666667,31.5,0,ground
101.22,91.13,67.68,334.04,245.29,143.87,0.4307,0.0786,True,True,True,0.1494,1992-2005,D,True,monofamiliare,muratura portante,3,0.61,43.3,0,upper
265.45,37.22,37.22,152.09,152.09,180.93,1.1896,0.0334,True,True,True,0.14,1961-1975,E,False,blocco,c.a. con laterizi,4,0.6333333333333333,12.55,0,ground
99.72,126.0,126.0,588.0,588.0,215.26,0.3661,0.0538,True,True,True,0.2014,after 2007,D,True,plurifamiliare,c.a. con laterizi,3,0.75,45.4,0,upper
180.04,149.09,67.65,625.0,233.5,201.83,0.3229,0.0218,True,True,True,0.493,1930-1945,D,True,in linea,muratura portante,3,0.5,37.6,0,ground
289.25,80.65,80.65,286.6,286.6,279.39,0.9748,0.0461,True,True,True,0.8479,before 1930,E,True,corte,altro,3,0.7966666666666667,55.7,0,upper
83.48,71.75,53.04,271.66,199.1,200.52,0.7381,0.0098,True,True,True,0.1098,2006-2007,D,True,plurifamiliare,c.a. con laterizi,3,0.7566666666666667,48.0,0,upper
125.37,114.78,114.78,344.34,344.34,116.43,0.3381,0.0481,True,True,True,0.44,1976-1985,D,True,plurifamiliare,muratura portante,3,0.93,32.1,0,upper
217.41,368.35,368.35,1878.48,1878.48,968.7,0.5157,0.0674,True,False,True,0.0638,1930-1945,D,True,altro,altro,2,0.735,47.98,0,multi_floor
641.35,736.02,736.02,4405.52,4405.52,2033.89,0.4617,0.0079,True,True,True,0.7001,2006-2007,D,False,altro,c.a. con chiusure in pannelli prefabbricati,4,0.7733333333333333,68.3,0,ground
240.28,52.97,52.97,250.36,250.36,197.41,0.7885,0.0409,True,True,True,0.0379,before 1930,D,True,bifamiliare,muratura portante,3,0.7400000000000001,29.5,0,ground
270.98,41.36,33.54,159.49,126.82,125.86,0.7891,0.047,True,True,True,0.2783,1976-1985,D,True,plurifamiliare,c.a. con laterizi,3,0.5233333333333333,36.2,0,upper
98.37,169.25,169.25,789.57,789.57,174.91,0.2215,0.063,True,True,True,0.4986,before 1930,D,True,torre,muratura portante,4,0.6100000000000001,58.92,0,unknown
146.47,2485.9,587.99,15555.86,2042.15,5744.76,0.3693,0.1127,True,True,True,0.6898,after 2007,E,False,monofamiliare,prefabbricata in c.a.,3,0.6766666666666666,111.3,0,multi_floor
63.29,79.31,79.31,330.64,330.64,238.76,0.7221,0.0345,True,True,True,0.0021,1961-1975,D,True,bifamiliare,c.a. con laterizi,3,0.9733333333333333,23.1,0,upper
149.09,105.42,20.28,434.22,80.84,326.63,0.7522,0.0844,True,True,True,0.6941,1961-1975,D,True,plurifamiliare,c.a. con laterizi,3,0.8066666666666666,31.8,0,upper
82.16,146.84,146.84,610.33,610.33,416.39,0.6822,0.0246,True,True,True,0.4605,before 1930,D,True,monofamiliare,muratura portante,4,0.52,28.5,0,ground
25.6,411.3,411.3,1553.49,1553.49,883.2,0.5685,0.0162,True,True,True,0.0133,1992-2005,D,False,bifamiliare,c.a. con chiusure in pannelli prefabbricati,4,0.82,16.95,0,multi_floor
243.2,41.08,41.08,185.78,185.78,146.36,0.7878,0.0284,True,True,True,0.1305,1992-2005,D,True,plurifamiliare,c.a. con laterizi,3,0.6733333333333333,50.099999999999994,0,ground
176.1,161.79,95.47,555.01,327.03,198.89,0.3583,0.1132,True,True,True,0.4968,1961-1975,D,True,blocco,muratura portante,3,0.9433333333333334,135.4,0,upper
824.97,62.0,62.0,186.0,186.0,62.0,0.3333,0.1257,True,True,True,0.023,before 1930,D,False,in linea,muratura portante,4,0.7233333333333333,33.5,0,ground
62.12,260.8,260.8,1132.52,1132.52,692.03,0.6111,0.0183,True,True,True,0.0797,1946-1960,D,True,plurifamiliare,c.a. con laterizi,3,0.9533333333333333,80.4,0,unknown
62.12,260.8,260.8,1132.52,1132.52,692.03,0.6111,0.0183,True,True,True,0.0797,1946-1960,D,True,plurifamiliare,c.a. con laterizi,3,0.9533333333333333,80.4,0,unknown
151.71,95.04,95.04,447.88,447.88,239.29,0.5343,0.019,True,False,True,0.5594,1946-1960,D,True,in linea,muratura portante,2,0.7749999999999999,48.04,0,upper
129.03,66.46,66.46,258.31,258.31,211.11,0.8173,0.0646,True,True,True,0.3862,1961-1975,D,True,in linea,muratura portante,3,0.88,49.769999999999996,0,ground
235.08,87.05,87.05,337.76,337.76,241.74,0.7157,0.0583,True,True,True,0.528,1961-1975,D,True,in linea,muratura portante,3,0.8033333333333333,50.5,0,ground
232.63,42.17,42.17,196.28,196.28,231.21,1.178,0.1406,True,True,True,0.6711,after 2007,D,True,torre,muratura portante,3,0.7433333333333333,51.5,0,upper
218.14,80.19,36.19,310.01,142.78,137.96,0.445,0.0485,True,True,True,0.54,1961-1975,D,True,plurifamiliare,c.a. con laterizi,3,0.9933333333333333,51.5,0,upper
116.15,1250.48,408.79,6071.07,1467.14,3190.73,0.5256,0.0705,True,True,True,0.493,1992-2005,D,False,blocco,prefabbricata in c.a.,3,0.68,31.05,0,multi_floor
277.61,124.8,73.32,496.28,289.34,293.73,0.5919,0.0243,True,True,True,0.1713,1976-1985,E,True,plurifamiliare,muratura portante,3,0.7933333333333333,34.43,0,upper
124.05,70.11,60.03,325.61,268.92,166.4,0.511,0.0168,True,True,True,0.5298,before 1930,D,True,monofamiliare,muratura portante,3,0.7566666666666667,36.7,0,multi_floor
207.26,116.72,116.72,418.72,418.72,279.61,0.6678,0.0496,True,True,True,0.5703,1992-2005,D,False,blocco,prefabbricata in c.a.,4,0.6699999999999999,70.85000000000001,0,upper
267.93,109.34,109.34,427.47,427.47,243.11,0.5687,0.0381,True,True,True,0.2384,1976-1985,E,True,bifamiliare,muratura portante,3,0.7266666666666667,33.0,0,upper
338.04,84.84,38.79,412.0,227.36,310.96,0.7548,0.0307,True,True,True,0.2495,before 1930,E,True,plurifamiliare,muratura portante,3,0.6966666666666667,51.0,0,ground
240.66,97.9,97.9,387.4,387.4,219.64,0.567,0.0306,True,True,True,0.2384,1976-1985,E,True,bifamiliare,muratura portante,3,0.7033333333333333,30.8,0,ground
68.39,103.23,61.15,385.14,224.52,280.73,0.7289,0.0102,True,True,True,0.1996,1946-1960,D,True,schiera,muratura portante,3,0.7033333333333333,59.599999999999994,0,unknown
112.09,73.2,28.57,254.72,95.17,82.94,0.3256,0.052,True,True,True,0.2228,1976-1985,D,True,blocco,c.a. con laterizi,3,0.48333333333333334,30.520000000000003,0,upper
240.28,226.91,226.91,704.87,704.87,450.14,0.6386,0.1328,True,True,True,0.4816,1986-1991,D,True,plurifamiliare,c.a. con laterizi,3,0.5033333333333333,62.150000000000006,0,upper
221.37,225.18,106.09,857.43,392.95,572.02,0.6671,0.0616,True,True,True,0.4795,1986-1991,E,True,plurifamiliare,c.a. con laterizi,3,0.7133333333333334,38.33,0,multi_floor
340.27,71.21,29.9,267.2,112.02,206.67,0.7735,0.0485,True,True,True,0.6107,1961-1975,D,True,bifamiliare,c.a. con laterizi,3,0.5933333333333334,53.4,0,ground
154.39,46.34,46.34,214.84,214.84,203.96,0.9493,0.0353,True,True,True,0.058,before 1930,D,True,plurifamiliare,muratura portante,3,0.7633333333333333,72.74000000000001,0,underground
167.48,56.99,56.99,168.88,168.88,159.31,0.9434,0.0086,True,True,True,0.2133,1961-1975,D,True,plurifamiliare,c.a. con laterizi,3,0.5266666666666667,43.3,0,upper
147.11,107.5,107.5,364.34,364.34,236.64,0.6495,0.0465,True,True,True,0.7746,1976-1985,D,True,plurifamiliare,c.a. con laterizi,3,0.8166666666666668,45.9,0,ground
124.12,77.05,77.05,268.25,268.25,93.6,0.3489,0.0302,True,True,True,0.4171,after 2007,D,True,in linea,c.a. con laterizi,3,0.71,54.5,0,ground
181.49,40.54,40.54,152.16,152.16,90.07,0.592,0.1138,True,True,True,0.1537,1992-2005,D,True,in linea,c.a. con laterizi,3,0.5133333333333333,34.1,0,upper
103.86,90.43,90.43,320.97,320.97,105.3,0.3281,0.0429,True,True,True,0.1374,2006-2007,D,True,bifamiliare,c.a. con laterizi,3,0.79,52.9,0,upper
373.57,119.46,15.2,538.77,74.63,440.56,0.8177,0.0322,True,True,True,0.3833,before 1930,E,True,monofamiliare,muratura portante,3,0.57,62.5,0,multi_floor
162.35,109.8,109.8,434.52,434.52,260.59,0.5997,0.0597,True,True,True,0.5568,1961-1975,D,True,torre,c.a. con laterizi,3,0.71,31.3,0,upper
298.82,44.35,44.35,184.28,184.28,105.92,0.5748,0.1262,True,True,True,0.6871,1986-1991,D,False,in linea,c.a. con laterizi,4,0.56,49.92,0,upper
156.33,18.86,18.86,93.81,93.81,81.43,0.868,0.0959,True,True,False,0.0332,before 1930,D,False,in linea,muratura portante,2,0.53,8.8,0,ground
229.9,14.85,14.85,71.74,71.74,43.7,0.6091,0.1571,True,True,False,0.0332,before 1930,D,False,in linea,muratura portante,2,0.53,8.8,0,ground
614.35,45.9,45.9,193.4,193.4,149.22,0.7716,0.0901,True,True,False,0.1854,before 1930,D,False,schiera,muratura portante,3,0.43,23.67,0,ground
134.91,136.08,57.76,517.34,198.43,389.67,0.7532,0.0657,True,True,True,0.316,1961-1975,D,True,plurifamiliare,c.a. con laterizi,3,0.8166666666666668,49.28,0,multi_floor
281.8,87.94,87.94,392.26,392.26,235.05,0.5992,0.0318,True,True,True,0.4931,before 1930,E,True,in linea,muratura portante,3,0.6066666666666667,26.9,0,upper
295.73,94.61,37.59,357.41,140.99,257.95,0.7217,0.0726,True,True,True,0.4701,1961-1975,D,True,bifamiliare,muratura portante,3,0.7633333333333333,50.8,0,ground
98.34,39.0,39.0,150.43,150.43,55.8,0.3709,0.014,True,True,True,0.14,1930-1945,D,True,schiera,muratura portante,3,0.47333333333333333,7.5,0,ground
135.5,158.6,158.6,548.23,548.23,219.96,0.4012,0.0557,True,True,True,0.6681,1992-2005,D,True,plurifamiliare,c.a. con laterizi,3,0.9266666666666666,30.7,0,multi_floor
101.2,46.0,46.0,150.43,150.43,55.8,0.3709,0.0261,True,True,True,0.1361,1930-1945,D,True,schiera,muratura portante,3,0.5033333333333333,7.8,0,ground
188.05,436.33,436.33,2399.03,2399.03,854.79,0.3563,0.09,True,False,True,0.0464,1930-1945,D,True,altro,altro,2,0.715,63.04,0,multi_floor
110.29,101.0,101.0,390.94,390.94,341.79,0.8743,0.0394,True,True,True,0.4171,1986-1991,D,True,in linea,muratura portante,3,0.9866666666666667,50.5,0,underground
76.21,149.37,149.37,667.13,667.13,356.77,0.5348,0.055,True,True,True,0.1273,1961-1975,D,True,bifamiliare,muratura portante,3,0.5666666666666667,27.98,0,upper
98.57,88.76,88.76,426.22,426.22,279.62,0.656,0.0514,True,True,True,0.0041,1961-1975,D,True,bifamiliare,muratura portante,3,0.5599999999999999,27.4,0,ground
125.45,110.18,64.13,473.88,271.79,131.31,0.2771,0.0799,True,True,True,0.8321,1961-1975,D,True,monofamiliare,muratura portante,3,0.6833333333333332,33.760000000000005,0,upper
274.43,138.1,36.17,511.08,110.77,287.15,0.5619,0.0325,True,True,True,1.4539,1961-1975,D,True,in linea,muratura portante,3,0.7266666666666666,28.75,0,multi_floor
298.99,122.29,122.29,302.09,302.09,263.81,0.8733,0.0511,True,False,True,1.9937,1976-1985,D,True,plurifamiliare,altro,2,0.895,36.06,0,upper
174.06,87.05,87.05,322.77,322.77,239.97,0.7435,0.0412,True,True,True,0.4961,1961-1975,D,True,plurifamiliare,muratura portante,3,0.6666666666666666,53.129999999999995,0,upper
123.95,91.77,57.65,340.47,212.66,241.5,0.7093,0.082,True,True,True,0.1848,1992-2005,D,True,in linea,c.a. con laterizi,3,0.8066666666666666,49.65,0,upper
134.16,74.18,74.18,384.22,384.22,259.67,0.6758,0.0215,True,True,True,0.0124,after 2007,D,True,plurifamiliare,c.a. con laterizi,4,0.51,10.07,0,multi_floor
94.08,77.04,77.04,330.63,330.63,155.23,0.4695,0.0118,True,True,True,0.1653,before 1930,D,True,in linea,muratura portante,3,0.8466666666666667,53.57,0,multi_floor
133.43,45.46,39.7,179.14,153.65,140.47,0.7841,0.0944,True,True,True,0.112,1992-2005,D,True,corte,mista (altro),3,0.8966666666666666,54.65,0,ground
99.35,122.68,122.68,536.81,536.81,110.6,0.206,0.0452,True,True,True,0.359,1976-1985,E,True,plurifamiliare,c.a. con laterizi,3,0.6466666666666666,39.5,0,upper
274.9,45.87,45.87,178.72,178.72,123.36,0.6902,0.1141,True,True,True,0.4936,1992-2005,D,False,blocco,c.a. con laterizi,4,0.6833333333333335,15.11,0,ground
297.2,117.62,83.58,455.89,315.3,250.62,0.5497,0.0754,True,True,True,0.0197,before 1930,D,False,in linea,muratura portante,4,0.9199999999999999,71.58,0,ground
446.92,60.02,60.02,332.9,332.9,260.29,0.7819,0.0346,True,True,True,0.5936,before 1930,D,True,monofamiliare,muratura portante,3,0.73,36.4,0,ground
157.4,90.93,90.93,372.67,372.67,238.24,0.6393,0.0217,True,True,True,0.4612,1961-1975,D,True,plurifamiliare,muratura portante,3,0.79,29.6,0,upper
166.37,100.94,100.94,407.1,407.1,256.0,0.6288,0.0695,True,False,True,0.6049,1961-1975,D,True,plurifamiliare,c.a. con laterizi,2,0.74,48.76,0,upper
107.05,108.29,108.29,387.66,387.66,191.72,0.4946,0.0416,True,True,True,0.4516,1976-1985,D,True,blocco,c.a. con laterizi,3,0.7533333333333333,56.1,0,upper
433.68,88.0,88.0,858.16,858.16,498.08,0.5804,0.0542,True,True,True,0.5723,1961-1975,D,True,monofamiliare,legno,3,0.9733333333333333,54.0,0,unknown
196.79,116.11,116.11,483.16,483.16,327.98,0.6788,0.054,True,True,True,0.2266,1961-1975,D,True,bifamiliare,mista (c.a. + laterizi),3,0.8066666666666666,56.400000000000006,0,upper
108.36,79.81,43.12,308.89,169.4,118.9,0.3849,0.0565,True,True,True,0.387,2006-2007,D,True,plurifamiliare,c.a. con laterizi,3,0.58,56.5,0,upper
123.98,62.0,62.0,167.4,167.4,161.9,0.9671,0.0572,True,True,True,0.2159,after 2007,D,True,plurifamiliare,c.a. con laterizi,3,0.8633333333333333,37.4,0,multi_floor
2.74,35.33,35.33,152.1,152.1,186.18,1.2241,0.0068,True,True,True,0.0216,1961-1975,E,True,monofamiliare,muratura portante,3,0.88,14.129999999999999,0,upper
234.37,30.18,30.18,152.19,152.19,169.12,1.1112,0.199,True,True,True,0.0186,1930-1945,D,False,in linea,muratura portante,4,0.5475,12.299999999999999,0,ground
239.08,76.19,76.19,240.09,240.09,181.52,0.756,0.1033,True,True,True,0.6546,1986-1991,D,True,in linea,muratura portante,3,0.8666666666666666,53.35,0,multi_floor
170.84,165.16,165.16,629.75,629.75,376.06,0.5972,0.0387,True,True,True,0.5359,before 1930,D,True,plurifamiliare,muratura portante,3,0.9433333333333334,37.5,0,multi_floor
296.98,69.46,69.46,289.47,289.47,179.9,0.6215,0.033,True,True,True,0.14,1992-2005,D,False,altro,c.a. con laterizi,4,0.26666666666666666,11.7,0,ground
209.87,186.55,186.55,660.35,660.35,297.14,0.45,0.048,True,True,True,0.2533,1992-2005,D,False,altro,c.a. con laterizi,4,0.6033333333333334,32.34,0,upper
355.03,63.49,63.49,273.74,273.74,295.2,1.0784,0.0304,True,True,True,0.379,1961-1975,D,True,plurifamiliare,muratura portante,3,0.41,58.0,0,upper
185.12,83.16,52.21,298.81,186.52,149.65,0.5008,0.0226,True,True,True,0.3528,1961-1975,D,True,plurifamiliare,c.a. con laterizi,3,0.6733333333333333,57.7,0,upper
146.52,74.17,56.97,311.72,244.87,281.58,0.9033,0.0587,True,True,True,0.6563,1930-1945,D,True,plurifamiliare,muratura portante,3,0.82,44.1,0,ground
160.34,63.5,63.5,245.05,245.05,158.13,0.6453,0.0148,True,True,True,0.268,1961-1975,D,True,blocco,c.a. con laterizi,3,0.75,53.6,0,underground
3.97,150.17,150.17,654.55,654.55,481.45,0.7355,0.0077,True,True,True,0.0863,after 2007,D,True,in linea,muratura portante,3,0.7866666666666666,21.25,0,multi_floor
243.98,1006.54,785.19,5998.59,5013.82,3738.51,0.6232,0.0696,True,True,True,0.8723,1961-1975,D,False,altro,altro,5,0.422,57.12,0,ground
198.75,70.0,70.0,270.0,270.0,210.31,0.7789,0.053,True,True,True,0.6596,1946-1960,D,True,monofamiliare,c.a. con laterizi,3,0.75,55.4,0,upper
160.52,148.95,148.95,567.25,567.25,437.84,0.7719,0.0292,True,True,True,0.3249,1992-2005,D,False,bifamiliare,c.a. con laterizi,4,0.48333333333333334,117.8,0,ground
309.41,133.13,133.13,779.19,779.19,904.63,1.161,0.0582,True,True,True,0.3561,1961-1975,E,False,monofamiliare,muratura portante,3,0.7133333333333333,39.96,0,ground
73.18,131.67,56.66,506.68,225.73,348.41,0.6876,0.0353,True,True,True,0.1172,after 2007,D,True,monofamiliare,muratura portante,3,0.7133333333333333,21.299999999999997,0,ground
70.99,131.99,58.12,506.66,230.55,348.44,0.6877,0.0368,True,True,True,0.1098,after 2007,D,True,monofamiliare,muratura portante,3,0.7133333333333333,22.7,0,ground
223.22,74.89,74.89,296.68,296.68,219.09,0.7385,0.0561,True,True,True,0.1248,1976-1985,D,True,plurifamiliare,c.a. con laterizi,3,0.8999999999999999,48.519999999999996,0,multi_floor
284.26,50.08,10.75,214.76,43.38,181.94,0.8472,0.039,True,True,True,0.2824,1946-1960,D,True,bifamiliare,muratura portante,3,0.48666666666666664,47.5,0,ground
218.66,82.0,82.0,294.3,294.3,204.06,0.6934,0.0798,True,True,True,0.4816,1961-1975,D,True,plurifamiliare,c.a. con laterizi,3,0.47666666666666674,27.32,0,underground
122.2,36.35,36.35,132.46,132.46,69.49,0.5246,0.079,True,True,True,0.03,after 2007,D,True,torre,c.a. con laterizi,3,0.7633333333333333,31.509999999999998,0,upper
122.99,44.7,44.7,158.01,158.01,53.94,0.3414,0.08,True,True,True,0.03,after 2007,D,True,torre,c.a. con laterizi,3,0.77,31.509999999999998,0,upper
109.84,45.79,45.79,162.2,162.2,66.05,0.4072,0.0693,True,True,True,0.03,after 2007,D,True,torre,c.a. con laterizi,3,0.75,31.509999999999998,0,upper
129.41,36.99,36.99,148.71,148.71,117.48,0.79,0.078,True,True,True,0.03,after 2007,D,True,torre,c.a. con laterizi,3,0.77,31.509999999999998,0,ground
122.2,36.35,36.35,132.46,132.46,69.49,0.5246,0.079,True,True,True,0.03,after 2007,D,True,torre,c.a. con laterizi,3,0.7633333333333333,31.509999999999998,0,upper
111.11,45.85,45.85,160.89,160.89,58.44,0.3633,0.069,True,True,True,0.03,after 2007,D,True,torre,c.a. con laterizi,3,0.75,31.509999999999998,0,upper
114.85,45.73,45.73,171.76,171.76,107.43,0.6255,0.0694,True,True,True,0.0998,after 2007,D,True,torre,c.a. con laterizi,3,0.7533333333333333,31.509999999999998,0,upper
119.82,36.38,36.38,132.45,132.45,64.82,0.4894,0.0793,True,True,True,0.03,after 2007,D,True,torre,c.a. con laterizi,3,0.7599999999999999,31.509999999999998,0,upper
130.43,36.38,36.38,141.99,141.99,113.61,0.8001,0.0793,True,True,True,0.1135,after 2007,D,True,torre,c.a. con laterizi,3,0.7733333333333333,31.509999999999998,0,upper
117.92,44.67,44.67,168.06,168.06,105.77,0.6293,0.0708,True,True,True,0.1143,after 2007,D,True,torre,c.a. con laterizi,3,0.7566666666666667,31.509999999999998,0,upper
140.76,36.13,36.13,141.06,141.06,113.0,0.8011,0.0795,True,True,True,0.1139,after 2007,D,True,torre,c.a. con laterizi,3,0.7766666666666667,31.509999999999998,0,upper
67.18,38.56,38.56,170.85,170.85,107.46,0.629,0.0996,True,True,True,0.0179,after 2007,D,True,plurifamiliare,c.a. con laterizi,3,0.9266666666666667,12.01,0,upper
120.69,36.43,36.43,132.5,132.5,69.31,0.5231,0.0792,True,True,True,0.03,after 2007,D,True,torre,c.a. con laterizi,3,0.7599999999999999,31.509999999999998,0,upper
110.85,44.87,44.87,157.87,157.87,57.88,0.3666,0.0708,True,True,True,0.03,after 2007,D,True,torre,c.a. con laterizi,3,0.75,31.509999999999998,0,upper
207.37,220.0,220.0,1238.9,1238.9,741.01,0.5981,0.0597,True,True,True,0.1362,1961-1975,D,False,in linea,muratura portante,3,0.65,36.2,0,ground
98.52,156.42,156.42,584.62,584.62,80.7,0.138,0.069,True,True,False,0.1361,1961-1975,D,False,in linea,c.a. con laterizi,3,0.845,15.86,0,multi_floor
282.95,37.0,37.0,140.38,140.38,120.06,0.8553,0.0927,True,True,True,0.4703,1961-1975,D,True,plurifamiliare,c.a. con laterizi,3,0.6666666666666666,50.5,0,ground
216.34,41.99,41.99,155.54,155.54,123.11,0.7915,0.0361,True,True,True,0.14,1961-1975,D,True,plurifamiliare,c.a. con laterizi,3,0.6433333333333334,33.7,0,upper
153.57,136.9,136.9,464.96,464.96,319.44,0.687,0.029,True,True,True,0.6488,1992-2005,D,True,monofamiliare,muratura portante,3,0.8166666666666668,27.299999999999997,0,multi_floor
61.66,86.65,86.65,395.22,395.22,127.72,0.3232,0.0,True,True,False,0.1802,after 2007,E,False,plurifamiliare,prefabbricata in c.a.,2,0.26,10.0,0,ground
54.14,142.2,142.2,612.0,142.2,226.41,0.37,0.0724,True,False,True,0.533,1976-1985,D,False,altro,altro,3,0.6833333333333332,30.9,0,ground
36.97,165.47,165.47,672.7,672.7,455.49,0.6771,0.0902,True,False,True,0.0885,after 2007,D,True,altro,altro,2,0.65,33.32,0,unknown
35.69,177.86,177.86,699.25,699.25,450.99,0.645,0.0739,True,False,True,0.0304,after 2007,D,True,altro,altro,2,0.655,33.32,0,unknown
49.9,47.0,47.0,178.0,178.0,54.0,0.3034,0.0,True,True,True,0.1938,1930-1945,D,False,schiera,muratura portante,4,0.6166666666666667,10.47,0,upper
729.49,23.0,23.0,64.0,64.0,52.0,0.8125,0.2199,True,True,True,0.0624,1930-1945,D,False,schiera,muratura portante,4,0.5166666666666667,10.47,0,ground
175.1,507.4,507.4,1644.64,1644.64,226.74,0.1379,0.0727,True,True,True,0.5975,1976-1985,E,False,altro,c.a. con laterizi,4,0.45333333333333337,138.05,0,upper
170.73,111.74,111.74,399.72,399.73,143.0,0.3577,0.0243,True,True,True,0.136,1946-1960,E,True,monofamiliare,mista (acciaio + muratura),3,0.7999999999999999,58.0,0,upper
615.23,22.0,22.0,64.0,64.0,19.69,0.3077,0.0676,True,True,True,0.0624,1930-1945,D,False,plurifamiliare,muratura portante,4,0.6233333333333333,10.47,0,ground
284.33,71.62,71.62,278.38,278.38,160.72,0.5773,0.0149,True,True,True,0.2353,1946-1960,D,True,plurifamiliare,c.a. con laterizi,3,0.8500000000000001,29.6,0,upper
365.33,28.91,28.91,103.93,103.93,70.95,0.6827,0.2231,True,True,True,0.4756,1946-1960,E,False,altro,c.a. con laterizi,4,0.6466666666666666,41.65,0,upper
293.99,63.82,63.82,225.01,225.01,140.21,0.6231,0.1481,True,True,True,0.6032,1946-1960,E,False,altro,c.a. con laterizi,4,0.6633333333333333,41.88,0,upper
120.43,137.04,137.04,551.85,551.85,463.81,0.8405,0.0308,True,True,True,0.2622,2006-2007,E,True,schiera,c.a. con laterizi,3,0.82,54.8,0,multi_floor
205.61,71.4,71.4,280.0,280.0,177.0,0.6321,0.0633,True,True,True,0.5201,1946-1960,D,True,plurifamiliare,c.a. con laterizi,3,0.8733333333333334,31.8,0,upper
208.02,245.74,26.47,1068.17,126.1,708.59,0.6634,0.0845,True,True,True,0.6392,1976-1985,E,False,plurifamiliare,mista (c.a. + laterizi),4,0.84,15.45,0,ground
203.96,39.59,39.59,142.54,142.54,95.09,0.6671,0.0742,True,False,False,0.2947,1961-1975,D,False,altro,altro,1,0.27,2.46,0,ground
156.21,160.37,101.8,604.93,406.72,418.9,0.6925,0.0917,True,True,True,0.2878,1976-1985,D,True,schiera,c.a. con laterizi,3,0.8066666666666666,30.38,0,multi_floor
73.4,87.83,63.59,331.27,237.3,195.53,0.5903,0.0214,True,True,True,0.0712,after 2007,E,True,schiera,c.a. con laterizi,3,0.75,29.5,0,multi_floor
300.95,127.59,52.43,509.97,201.49,484.54,0.9501,0.0388,True,True,True,0.3839,1976-1985,E,True,monofamiliare,muratura portante,3,0.5333333333333333,68.0,0,upper
181.18,115.81,115.81,526.15,526.15,362.17,0.6883,0.0402,True,True,True,0.4714,1992-2005,E,True,plurifamiliare,c.a. con laterizi,3,0.7866666666666666,39.4,0,upper
205.95,93.8,93.8,410.95,410.95,310.77,0.7562,0.0386,True,True,True,0.4714,1961-1975,E,True,plurifamiliare,muratura portante,3,0.6733333333333333,39.21,0,upper
27.52,101.49,49.8,409.73,194.47,316.19,0.7717,0.0153,True,True,True,0.0509,1986-1991,D,True,monofamiliare,muratura portante,3,0.7799999999999999,80.03999999999999,0,upper
36.89,137.39,35.47,582.42,147.09,461.2,0.7919,0.0275,True,True,True,0.0899,1986-1991,D,True,monofamiliare,muratura portante,3,0.7033333333333333,80.52,0,ground
168.94,63.11,63.11,254.16,254.16,213.11,0.8385,0.0496,True,False,False,1.5885,1930-1945,E,True,altro,altro,1,0.41,10.92,0,upper
93.99,63.3,58.11,222.53,202.98,89.53,0.4023,0.0665,True,True,True,0.4197,1961-1975,D,True,plurifamiliare,c.a. con laterizi,3,0.8833333333333333,37.42,0,upper
114.02,85.25,85.25,288.04,288.04,117.02,0.4063,0.0,True,True,True,0.8613,1961-1975,D,True,torre,c.a. con laterizi,3,0.8333333333333334,25.7,0,upper
103.06,66.67,16.51,236.16,56.53,112.58,0.4767,0.0891,True,True,True,0.4197,1961-1975,D,True,plurifamiliare,c.a. con laterizi,3,0.77,50.1,0,upper
383.21,54.79,54.79,252.04,252.04,149.57,0.5934,0.0784,True,True,True,0.5885,1992-2005,E,False,in linea,c.a. con laterizi,4,0.39249999999999996,7.7,1,ground
98.82,91.12,30.12,332.22,105.31,130.42,0.3926,0.0313,True,True,True,0.4219,1976-1985,D,True,plurifamiliare,c.a. con laterizi,3,0.5533333333333333,33.8,0,upper
162.25,43.33,43.33,153.67,153.67,62.07,0.4039,0.0411,True,True,True,1.1984,before 1930,D,True,in linea,muratura portante,3,0.5599999999999999,28.0,0,upper
77.8,326.51,326.51,1199.73,1199.73,704.19,0.587,0.0277,True,True,True,0.5162,1961-1975,D,False,corte,c.a. con laterizi,3,0.7800000000000001,60.2,0,ground
199.85,176.5,176.5,674.29,674.29,172.92,0.2564,0.0732,True,True,True,0.1782,1961-1975,E,False,in linea,c.a. con laterizi,5,0.5466666666666666,60.16,0,upper
427.11,101.37,101.37,385.22,385.22,229.33,0.5953,0.2079,True,True,False,0.2046,1961-1975,E,False,in linea,c.a. con laterizi,4,0.6950000000000001,59.49,0,ground
90.14,140.83,35.11,551.54,134.67,327.09,0.593,0.0503,True,True,True,0.0462,after 2007,D,True,schiera,c.a. con laterizi,3,0.52,55.95,0,ground
536.14,360.11,360.11,1250.65,1250.65,1292.67,1.0336,0.136,True,True,True,0.3334,1961-1975,D,False,altro,acciaio con chiusure in pannelli prefabbricati,4,0.43333333333333335,28.8,0,ground
154.49,51.89,30.92,208.64,122.56,181.4,0.8695,0.0617,True,True,True,0.1434,2006-2007,D,True,monofamiliare,muratura portante,3,0.6266666666666667,53.85,0,upper
145.14,93.73,93.73,393.45,393.45,335.92,0.8538,0.0129,True,True,True,0.4416,1961-1975,D,True,monofamiliare,muratura portante,3,0.8233333333333333,35.8,0,multi_floor
308.75,61.15,61.15,192.89,192.89,112.99,0.5858,0.1102,True,True,True,0.1319,1986-1991,D,True,plurifamiliare,c.a. con laterizi,3,0.45999999999999996,27.82,0,upper
232.95,91.47,91.47,351.06,351.06,200.35,0.5707,0.0227,True,True,False,0.186,1930-1945,D,False,altro,altro,4,0.505,10.28,0,ground
155.7,1826.49,1329.07,13708.29,11279.67,4919.43,0.3589,0.0417,True,True,True,0.4949,1992-2005,D,False,altro,c.a. con chiusure in pannelli prefabbricati,4,0.38999999999999996,305.21,0,multi_floor
221.85,101.69,101.69,343.03,343.03,113.83,0.3318,0.0961,True,True,True,0.045,after 2007,D,False,plurifamiliare,c.a. con laterizi,4,0.82,62.8,0,upper
121.09,101.35,101.35,358.7,358.7,105.62,0.2944,0.055,True,True,True,0.5398,1986-1991,D,True,in linea,c.a. con laterizi,3,0.6666666666666666,54.8,0,upper
587.06,388.99,388.99,1709.89,1709.89,1085.35,0.6348,0.0667,True,True,True,0.7477,1961-1975,D,False,altro,c.a. con laterizi,4,0.8475,102.30000000000001,0,ground
262.79,128.32,128.32,514.65,514.65,384.97,0.748,0.0694,True,True,True,0.5487,1961-1975,D,True,blocco,c.a. con laterizi,3,0.49000000000000005,53.54,0,upper
147.1,1305.71,187.17,10801.63,1162.39,3947.23,0.3654,0.0426,True,True,True,0.0884,after 2007,D,False,monofamiliare,c.a. con chiusure in pannelli prefabbricati,4,0.7000000000000001,30.5,0,ground
367.77,90.0,90.0,352.0,352.0,251.44,0.7143,0.0507,True,True,True,0.1361,1961-1975,E,True,bifamiliare,muratura portante,3,0.6433333333333334,35.07,0,upper
216.95,86.26,21.71,441.74,104.83,304.34,0.689,0.0792,True,True,True,0.1331,1976-1985,E,True,monofamiliare,muratura portante,3,0.7866666666666666,51.4,0,ground
246.51,83.34,83.34,318.17,318.17,150.61,0.4734,0.0651,True,True,True,0.2306,1986-1991,D,True,blocco,c.a. con laterizi,3,0.4066666666666667,50.94,0,ground
288.06,126.25,126.25,434.63,434.63,428.06,0.9849,0.0062,True,True,False,0.4703,before 1930,D,True,in linea,muratura portante,2,0.845,2.5,1,upper
107.69,77.15,77.15,303.87,303.87,179.14,0.5895,0.0173,True,True,True,0.0681,1961-1975,D,True,blocco,c.a. con laterizi,3,0.8966666666666666,52.4,0,upper
107.6,123.44,123.44,406.15,406.15,110.59,0.2723,0.0226,True,True,True,0.4171,1961-1975,D,True,in linea,c.a. con laterizi,3,0.7566666666666667,50.3,0,upper
187.47,72.31,72.31,255.14,255.14,191.43,0.7503,0.0444,True,True,True,0.1669,1992-2005,D,True,plurifamiliare,c.a. con laterizi,3,0.5499999999999999,29.650000000000002,0,ground
203.01,112.97,112.97,475.44,475.44,398.66,0.8385,0.0098,True,False,True,0.3303,1961-1975,D,True,monofamiliare,muratura portante,2,0.85,21.43,0,multi_floor
109.07,84.56,84.56,304.92,304.92,284.24,0.9322,0.0921,True,False,True,0.2757,1961-1975,D,True,altro,altro,2,0.875,54.6,0,unknown
29.84,94.76,94.76,326.09,326.09,185.57,0.5691,0.0121,True,False,True,0.0263,2006-2007,E,True,plurifamiliare,c.a. con laterizi,2,0.9750000000000001,38.92,0,multi_floor
30.52,84.17,84.17,319.15,319.15,161.48,0.506,0.0142,True,False,True,0.0225,2006-2007,E,True,plurifamiliare,c.a. con laterizi,2,0.9199999999999999,38.92,0,multi_floor
77.81,93.66,93.66,343.86,343.86,172.73,0.5023,0.0078,True,True,True,0.0999,1992-2005,D,True,blocco,c.a. con laterizi,3,0.89,56.400000000000006,0,upper
265.89,1780.07,1780.07,7472.14,7472.14,2706.73,0.3622,0.0112,True,True,False,0.0558,before 1930,E,False,plurifamiliare,muratura portante,5,0.298,336.23,0,multi_floor
322.38,1923.29,1923.29,8883.8,8883.8,3906.62,0.4397,0.0105,True,True,False,0.2153,before 1930,E,False,plurifamiliare,muratura portante,5,0.3,153.07,0,multi_floor
270.98,1813.06,611.0,10998.15,2803.4,5214.78,0.4742,0.0521,True,True,False,0.3088,1992-2005,E,False,in linea,c.a. con chiusure in pannelli prefabbricati,3,0.33,97.06,0,multi_floor
234.73,2067.4,1298.83,13626.45,9110.43,4333.09,0.318,0.0119,True,True,False,0.053,before 1930,E,False,plurifamiliare,muratura portante,4,0.54,126.72999999999999,0,multi_floor
203.24,49.99,49.99,210.48,210.48,189.41,0.8999,0.0413,True,True,True,1.8736,before 1930,D,True,monofamiliare,muratura portante,4,0.7366666666666667,29.2,0,upper
100.2,236.28,236.28,920.72,920.72,571.15,0.6203,0.0144,True,False,True,0.3466,1976-1985,D,True,schiera,c.a. con laterizi,2,0.81,52.84,0,multi_floor
236.41,54.0,54.0,192.0,192.0,148.0,0.7708,0.0643,True,True,True,0.1771,1986-1991,D,True,plurifamiliare,c.a. con laterizi,3,0.5533333333333333,30.84,0,upper
154.05,30.0,30.0,118.81,118.81,119.16,1.003,0.0486,True,True,True,0.5785,1986-1991,D,True,schiera,c.a. con laterizi,3,0.58,9.1,0,upper
183.7,24.56,24.56,115.31,115.31,88.88,0.7708,0.0403,True,True,True,0.5163,1986-1991,D,True,blocco,c.a. con laterizi,3,0.7599999999999999,7.5,0,upper
123.47,38.5,34.91,140.07,126.44,84.37,0.6023,0.0651,True,True,True,0.095,1992-2005,D,True,blocco,mista (altro),3,0.7533333333333333,50.75,0,upper
215.79,122.32,122.32,465.09,465.09,283.1,0.6087,0.0565,True,True,True,0.1255,1961-1975,D,True,plurifamiliare,c.a. con laterizi,3,0.8566666666666666,35.3,0,upper
210.58,94.62,94.62,356.32,356.32,270.49,0.7591,0.1011,True,True,True,0.3404,1992-2005,D,True,plurifamiliare,c.a. con laterizi,3,0.75,53.65,0,ground
90.75,152.47,152.47,671.62,671.62,558.85,0.8321,0.0188,True,True,True,0.0648,1986-1991,D,True,schiera,c.a. con laterizi,3,0.8533333333333334,33.8,0,multi_floor
145.64,144.36,144.36,624.12,624.12,536.83,0.8601,0.0208,True,True,True,0.0776,1986-1991,D,True,schiera,c.a. con laterizi,3,0.7599999999999999,20.3,0,multi_floor
81.65,151.0,151.0,645.94,645.94,510.88,0.7909,0.0125,True,True,True,0.1218,1986-1991,D,True,schiera,c.a. con laterizi,3,0.94,35.339999999999996,0,multi_floor
187.23,127.8,127.8,480.8,480.8,347.87,0.7235,0.0804,True,True,True,0.4843,1976-1985,D,True,bifamiliare,c.a. con laterizi,3,0.8799999999999999,34.5,0,multi_floor
155.62,130.04,130.04,434.33,434.33,136.98,0.3154,0.029,True,True,True,0.5258,1961-1975,D,True,in linea,c.a. con laterizi,3,0.9500000000000001,37.3,0,upper
273.71,64.02,19.76,249.37,76.94,235.25,0.9434,0.0449,True,True,True,0.4124,1976-1985,E,True,schiera,c.a. con laterizi,3,0.7466666666666667,58.5,0,upper
220.25,59.48,59.48,254.52,254.52,181.54,0.7133,0.0743,True,True,True,0.2303,1961-1975,D,True,plurifamiliare,muratura portante,3,0.6633333333333333,54.199999999999996,0,ground
130.87,43.95,43.95,157.88,157.88,77.97,0.4938,0.0529,True,True,True,0.7047,1976-1985,D,True,in linea,c.a. con laterizi,3,0.5233333333333333,7.8,0,multi_floor
238.33,86.61,86.61,397.44,397.44,218.73,0.5503,0.3031,True,True,True,0.3143,1961-1975,D,False,blocco,c.a. con laterizi,4,0.8766666666666666,12.9,0,ground
219.37,223.2,223.2,835.38,835.38,501.4,0.6002,0.0395,True,True,True,0.4701,1961-1975,D,True,monofamiliare,muratura portante,3,0.9766666666666667,36.1,0,multi_floor
338.0,133.61,37.27,492.72,142.05,361.86,0.7344,0.0798,True,True,True,0.4272,1961-1975,D,True,plurifamiliare,muratura portante,3,0.7466666666666666,57.9,0,upper
316.18,71.13,71.13,288.37,288.38,191.62,0.6644,0.0317,True,True,True,0.1758,1946-1960,D,True,bifamiliare,muratura portante,3,0.7399999999999999,50.6,0,upper
195.06,25.6,25.6,95.97,95.97,68.08,0.7093,0.0502,True,True,True,0.2599,1986-1991,D,True,plurifamiliare,c.a. con laterizi,3,0.5333333333333333,6.3,0,ground
106.97,79.72,79.72,330.86,330.86,272.06,0.8223,0.2106,True,True,False,0.231,1992-2005,E,False,monofamiliare,muratura portante,2,0.99,18.5,0,ground
111.76,48.91,42.13,213.97,179.91,102.6,0.4795,0.0123,True,True,True,0.493,1946-1960,D,True,schiera,muratura portante,3,0.7433333333333333,8.8,0,ground
91.98,184.14,79.3,711.31,304.26,224.7,0.3159,0.0652,True,True,True,0.6264,1946-1960,D,True,plurifamiliare,c.a. con laterizi,3,0.7799999999999999,49.900000000000006,0,upper
124.82,87.48,18.5,303.26,66.29,103.67,0.3419,0.0293,True,True,True,0.6155,1961-1975,D,True,blocco,c.a. con laterizi,3,0.6966666666666667,32.0,0,upper
37.77,218.98,218.98,1001.21,1001.21,616.57,0.6158,0.018,True,True,True,0.0595,after 2007,D,True,monofamiliare,muratura portante,3,0.79,68.3,0,multi_floor
170.57,110.24,110.24,436.91,436.91,290.14,0.6641,0.0561,True,True,True,0.1362,1976-1985,D,True,plurifamiliare,muratura portante,3,0.8566666666666668,48.7,0,ground
61.82,161.68,161.68,628.62,628.62,347.83,0.5533,0.0131,True,True,True,0.2705,1986-1991,D,True,bifamiliare,c.a. con laterizi,3,0.8700000000000001,37.47,0,multi_floor
115.22,38.01,38.01,137.57,137.57,85.83,0.6239,0.0594,True,True,True,0.1993,after 2007,D,True,torre,c.a. con laterizi,3,0.7433333333333333,23.3,0,upper
87.05,108.0,108.0,335.36,335.36,183.76,0.5479,0.0182,True,True,True,0.0338,after 2007,D,True,monofamiliare,muratura portante,3,0.7233333333333333,50.0,0,multi_floor
134.3,59.96,12.94,260.48,56.08,205.91,0.7905,0.0474,True,True,True,0.4272,1946-1960,D,True,bifamiliare,muratura portante,3,0.6966666666666667,50.7,0,ground
85.51,54.34,23.6,211.52,85.72,94.51,0.4468,0.0781,True,True,True,0.0681,after 2007,D,True,blocco,mista (c.a. + acciaio),3,0.7200000000000001,51.15,0,upper
161.15,65.0,65.0,163.0,163.0,40.0,0.2454,0.0157,True,True,True,0.0691,1961-1975,D,True,torre,muratura portante,3,0.47333333333333333,3.24,2,multi_floor
463.32,18.0,18.0,43.0,43.0,10.0,0.2326,0.0567,True,True,True,0.0691,1961-1975,D,True,torre,muratura portante,3,0.4766666666666666,3.24,2,underground
59.47,99.51,99.51,298.53,298.53,232.8,0.7798,0.0266,True,True,True,0.0074,1992-2005,D,True,plurifamiliare,c.a. con laterizi,3,0.8766666666666666,28.6,0,ground
260.85,54.09,54.09,217.37,217.37,136.71,0.629,0.0365,True,True,True,0.394,1961-1975,D,True,plurifamiliare,muratura portante,3,0.7133333333333334,51.5,0,upper
128.88,50.13,50.13,194.42,194.42,98.94,0.5089,0.0479,True,True,True,0.0862,2006-2007,D,True,schiera,c.a. con laterizi,3,0.98,50.5,0,ground
384.26,81.06,81.06,361.91,361.91,295.99,0.8178,0.0876,True,True,True,0.2452,1992-2005,E,False,monofamiliare,muratura portante,3,0.69,36.5,0,upper
217.78,89.38,89.38,271.56,271.56,221.23,0.8147,0.0144,True,True,True,0.2463,1992-2005,D,True,plurifamiliare,c.a. con laterizi,3,0.7666666666666666,50.1,0,ground
170.64,110.85,110.85,497.02,497.02,498.3,1.0026,0.0375,True,True,True,0.4206,1961-1975,D,True,bifamiliare,c.a. con laterizi,3,0.77,29.700000000000003,0,ground
56.11,124.55,124.55,460.86,460.86,157.09,0.3409,0.0533,True,True,True,0.0145,1976-1985,D,True,plurifamiliare,c.a. con laterizi,3,0.9233333333333333,48.2,0,upper
222.7,105.0,105.0,356.15,356.15,231.92,0.6511,0.0095,True,True,True,0.541,1976-1985,D,True,bifamiliare,legno,3,0.7733333333333333,53.7,0,upper
185.05,74.47,74.47,291.51,291.51,198.81,0.682,0.0567,True,True,True,0.3977,1961-1975,D,True,torre,c.a. con laterizi,3,0.77,29.6,0,upper
207.43,126.51,126.51,500.39,500.39,351.68,0.7028,0.0267,True,True,True,0.1798,1961-1975,D,True,plurifamiliare,muratura portante,3,0.9866666666666667,52.6,0,upper
188.1,104.0,104.0,372.78,372.78,241.67,0.6483,0.024,True,True,True,0.0734,1992-2005,D,True,monofamiliare,muratura portante,3,0.6266666666666667,53.6,0,upper
187.23,74.69,74.69,264.57,264.57,77.62,0.2934,0.0106,True,True,True,0.0228,1992-2005,D,False,blocco,c.a. con laterizi,4,0.8300000000000001,308.69,0,upper
308.17,121.11,121.11,557.19,557.19,254.7,0.4571,0.055,True,True,True,0.1925,1992-2005,D,False,blocco,c.a. con laterizi,4,0.58,74.89999999999999,0,ground
300.15,119.36,119.36,557.19,557.19,251.89,0.4521,0.028,True,True,True,0.1925,1992-2005,D,False,blocco,c.a. con laterizi,4,0.5233333333333333,75.5,0,ground
249.65,133.46,133.46,541.75,541.75,124.52,0.2299,0.046,True,True,True,0.1925,1992-2005,D,False,blocco,c.a. con laterizi,4,0.61,75.1,0,upper
249.65,133.46,133.46,541.75,541.75,124.52,0.2299,0.046,True,True,True,0.1925,1992-2005,D,False,blocco,c.a. con laterizi,4,0.61,75.1,0,upper
248.33,133.46,133.46,541.75,541.75,124.52,0.2299,0.043,True,True,True,0.1925,1992-2005,D,False,blocco,c.a. con laterizi,4,0.61,75.1,0,upper
248.33,133.46,133.46,541.75,541.75,124.52,0.2299,0.043,True,True,True,0.1925,1992-2005,D,False,blocco,c.a. con laterizi,4,0.61,75.1,0,upper
122.32,65.6,65.6,254.94,254.94,158.93,0.6234,0.0495,True,True,True,0.0473,1946-1960,D,True,schiera,c.a. con laterizi,3,0.8700000000000001,30.3,0,upper
336.29,538.2,203.76,2841.75,634.05,1547.8,0.5447,0.0273,True,True,True,1.6695,1992-2005,E,False,altro,prefabbricata in c.a.,3,0.6166666666666667,16.0,0,multi_floor
239.55,108.72,108.72,428.2,428.2,255.89,0.5976,0.0307,True,True,True,0.5293,1961-1975,D,True,plurifamiliare,muratura portante,3,0.9033333333333333,55.7,0,upper
511.67,235.53,196.58,853.86,692.61,643.49,0.7536,0.0854,True,True,True,1.1586,1992-2005,E,False,blocco,c.a. con chiusure in pannelli prefabbricati,4,0.6900000000000001,42.83,0,multi_floor
251.56,98.73,98.73,423.13,423.13,397.36,0.9391,0.0362,True,True,True,1.8982,1930-1945,D,False,monofamiliare,muratura portante,4,0.2833333333333333,8.3,0,upper
168.15,47.15,47.15,169.72,169.72,94.11,0.5545,0.0831,True,True,True,0.2382,after 2007,D,True,plurifamiliare,c.a. con laterizi,3,0.6866666666666666,28.6,0,ground
132.6,119.89,99.72,453.6,374.83,333.57,0.7354,0.0572,True,True,True,0.2509,after 2007,D,True,plurifamiliare,c.a. con laterizi,3,0.7933333333333333,39.2,0,multi_floor
98.38,103.89,103.89,519.45,519.45,91.0,0.1752,0.0587,True,True,True,0.0442,1961-1975,D,True,plurifamiliare,c.a. con laterizi,3,0.6366666666666667,29.9,0,upper
44.82,171.97,7.32,705.74,28.92,549.03,0.7779,0.0448,True,True,True,0.0677,1976-1985,D,True,monofamiliare,muratura portante,3,0.9266666666666666,45.9,0,multi_floor
101.18,112.21,112.21,431.38,431.38,439.28,1.0183,0.0331,True,True,True,0.8526,after 2007,D,True,plurifamiliare,c.a. con laterizi,3,0.7133333333333334,20.12,0,ground
147.36,132.41,64.89,605.82,334.76,370.57,0.6117,0.0167,True,True,True,0.2691,before 1930,D,True,schiera,muratura portante,3,0.7333333333333334,64.5,0,multi_floor
161.63,92.12,92.12,267.15,267.15,193.77,0.7253,0.0751,True,True,True,0.3231,1961-1975,D,True,plurifamiliare,c.a. con laterizi,3,0.7999999999999999,30.2,0,upper
228.11,66.39,66.39,223.86,223.86,110.95,0.4956,0.0254,True,True,True,0.3165,after 2007,D,True,plurifamiliare,c.a. con laterizi,3,0.4466666666666667,27.32,0,upper
188.11,112.44,112.44,463.83,463.83,305.22,0.658,0.0558,True,True,True,0.1154,2006-2007,D,True,schiera,c.a. con laterizi,3,0.57,50.5,0,upper
155.76,94.08,94.08,382.68,382.68,260.34,0.6803,0.019,True,True,True,0.493,1961-1975,D,True,plurifamiliare,muratura portante,3,0.7399999999999999,41.3,0,ground
261.88,1342.59,1342.59,9931.13,9931.13,3369.67,0.3393,0.0105,True,True,False,0.1328,after 2007,D,False,altro,c.a. con chiusure in pannelli prefabbricati,4,0.7350000000000001,295.03,0,ground
53.78,323.63,48.3,1382.83,220.07,836.63,0.605,0.0247,True,True,True,0.1465,1961-1975,D,True,monofamiliare,muratura portante,3,0.77,58.089999999999996,0,multi_floor
411.74,32.58,12.84,122.8,49.51,105.83,0.8618,0.1738,True,True,False,0.4104,1961-1975,D,False,plurifamiliare,c.a. con laterizi,2,0.89,3.5,1,ground
439.2,19.23,19.23,71.29,71.29,65.04,0.9123,0.1801,True,True,False,0.14,1961-1975,D,False,plurifamiliare,c.a. con laterizi,2,0.7849999999999999,3.5,1,ground
168.4,168.0,74.5,613.3,253.3,289.49,0.472,0.0417,True,True,True,0.3903,1976-1985,D,True,plurifamiliare,mista (c.a. + laterizi),3,0.96,58.599999999999994,0,multi_floor
349.61,856.12,848.52,3853.51,3819.3,2351.73,0.6103,0.0645,True,True,True,0.3369,1946-1960,D,False,torre,c.a. con laterizi,5,0.394,87.58,0,ground
144.47,144.4,144.4,655.16,655.16,428.67,0.6543,0.0626,True,True,True,0.5297,1961-1975,D,False,corte,c.a. con laterizi,4,0.62,10.2,0,ground
236.11,73.77,73.77,262.14,262.14,164.88,0.629,0.0658,True,True,True,0.5813,1961-1975,D,True,plurifamiliare,c.a. con laterizi,3,0.47333333333333333,397.0,0,upper
116.63,132.89,132.89,692.84,692.84,488.42,0.7049,0.0404,True,True,True,0.2227,1946-1960,E,True,monofamiliare,muratura portante,3,0.8966666666666666,52.4,0,multi_floor
269.21,1000.84,95.38,6758.53,372.1,3091.85,0.4575,0.0865,True,True,True,0.4653,1992-2005,D,False,altro,prefabbricata in c.a.,4,0.75,38.85,0,multi_floor
293.46,42.81,42.81,178.2,178.2,116.5,0.6538,0.016,True,True,True,0.553,1930-1945,D,True,in linea,muratura portante,3,0.41333333333333333,7.25,0,ground
160.06,249.31,249.31,1258.32,1258.32,945.48,0.7514,0.108,True,True,False,0.5191,1992-2005,D,False,blocco,c.a. con laterizi,2,0.765,53.0,0,ground
208.06,2988.15,2581.87,10836.19,9292.23,4475.02,0.413,0.0762,True,True,True,0.3704,1946-1960,D,False,corte,muratura portante,4,0.6366666666666667,193.51,0,multi_floor
176.57,331.87,236.69,1238.37,883.21,529.61,0.4277,0.0306,True,True,False,0.4083,1986-1991,D,False,schiera,c.a. con laterizi,3,0.7200000000000001,45.06,0,upper
125.48,107.83,107.83,323.49,323.49,238.42,0.737,0.0355,True,True,True,0.3231,1961-1975,D,True,plurifamiliare,c.a. con laterizi,3,0.7966666666666665,33.04,0,ground
142.39,190.33,55.32,921.06,259.95,619.54,0.6726,0.0209,True,True,True,0.1017,after 2007,E,False,monofamiliare,mista (c.a. + laterizi),4,0.7066666666666667,31.990000000000002,0,multi_floor
474.53,75.0,75.0,300.0,300.0,326.7,1.089,0.0317,True,False,True,0.8791,before 1930,D,True,schiera,muratura portante,2,0.7250000000000001,42.8,0,multi_floor
10.92,75.63,75.63,300.79,300.79,312.32,1.0383,0.0168,True,True,True,0.1697,1946-1960,D,True,monofamiliare,muratura portante,3,0.8633333333333333,23.0,0,ground
212.06,19.23,19.23,67.65,67.65,35.71,0.5278,0.0392,True,True,True,0.14,1961-1975,D,True,schiera,c.a. con laterizi,3,0.4000000000000001,7.0,0,upper
485.15,34.3,34.3,237.31,237.31,198.91,0.8382,0.0469,True,True,True,0.3285,1961-1975,D,True,in linea,muratura portante,3,0.7366666666666667,30.92,0,multi_floor
120.09,61.99,43.89,233.4,165.54,158.66,0.6798,0.0214,True,True,True,0.18,1992-2005,D,True,schiera,c.a. con laterizi,3,0.5966666666666667,35.7,0,upper
128.4,26.95,26.95,98.58,98.58,31.8,0.3226,0.088,True,True,True,0.6946,1986-1991,D,True,plurifamiliare,c.a. con laterizi,3,0.6533333333333334,6.9399999999999995,0,upper
295.87,168.81,168.81,986.56,986.56,632.96,0.6416,0.0271,True,True,True,0.7594,1930-1945,D,True,monofamiliare,muratura portante,3,0.7866666666666666,47.730000000000004,0,upper
183.67,301.71,301.71,1206.84,1206.84,492.21,0.4078,0.0624,True,True,True,0.9187,2006-2007,E,False,altro,prefabbricata in c.a.,4,0.63,9.7,0,upper
223.32,78.91,50.42,240.76,151.5,314.12,1.3047,0.0405,True,True,True,0.0113,1961-1975,E,True,plurifamiliare,c.a. con laterizi,3,0.6766666666666667,50.1,0,upper
106.62,133.33,48.79,428.18,159.65,265.28,0.6196,0.0409,True,True,True,0.1763,1986-1991,D,True,in linea,mista (c.a. + laterizi),3,0.8266666666666667,52.099999999999994,0,multi_floor
183.7,24.56,24.56,115.31,115.31,88.88,0.7708,0.0403,True,True,True,0.5163,1986-1991,D,True,blocco,c.a. con laterizi,3,0.7599999999999999,7.5,0,upper
121.98,65.1,65.1,223.55,223.55,103.65,0.4637,0.0413,True,True,True,0.5869,1986-1991,D,True,torre,c.a. con laterizi,3,0.84,25.0,0,upper
117.01,125.0,50.23,475.31,208.75,297.56,0.626,0.0664,True,True,True,0.1048,1992-2005,D,True,in linea,mista (c.a. + laterizi),3,0.8066666666666666,53.0,0,multi_floor
117.93,82.15,82.15,319.53,319.53,327.08,1.0236,0.0958,True,True,True,0.0497,1961-1975,D,True,torre,muratura portante,3,0.8033333333333333,49.5,0,upper
548.95,78.51,78.51,336.11,336.11,99.69,0.2966,0.058,True,False,True,0.136,before 1930,E,False,altro,mista (c.a. + laterizi),3,0.49666666666666665,110.68,0,ground
571.89,36.77,36.77,378.32,378.32,168.89,0.4464,0.012,True,True,True,0.4028,1946-1960,D,True,in linea,muratura portante,3,0.6900000000000001,50.45,0,upper
409.49,533.54,533.54,2884.61,2884.61,1532.0,0.5311,0.0327,True,False,True,0.5369,before 1930,E,False,altro,mista (c.a. + laterizi),3,0.49666666666666665,111.7,0,multi_floor
48.46,99.55,99.55,369.43,369.43,124.9,0.3381,0.0263,True,True,True,0.0145,1976-1985,D,True,plurifamiliare,c.a. con laterizi,3,0.96,50.8,0,upper
120.14,222.13,222.13,821.29,817.6,658.88,0.8022,0.038,True,True,True,0.1667,1976-1985,E,True,bifamiliare,muratura portante,3,0.9966666666666667,54.1,0,multi_floor
206.75,148.0,148.0,578.0,578.0,448.8,0.7764,0.0237,True,True,True,0.2298,1976-1985,D,True,plurifamiliare,legno,3,0.7966666666666665,57.5,0,upper
151.17,61.66,22.63,273.77,102.11,211.67,0.7732,0.0747,True,True,True,0.9024,1961-1975,D,True,plurifamiliare,c.a. con laterizi,3,0.8666666666666667,31.299999999999997,0,upper
187.61,99.25,31.12,411.9,132.16,318.17,0.7724,0.0765,True,True,True,0.6085,1976-1985,D,True,plurifamiliare,c.a. con laterizi,3,0.5966666666666667,30.049999999999997,0,ground
163.74,47.31,15.62,176.3,60.78,115.1,0.6529,0.0234,True,True,True,0.1345,after 2007,D,True,plurifamiliare,c.a. con laterizi,3,0.62,31.21,0,upper
117.55,85.0,85.0,288.31,288.31,164.18,0.5694,0.0139,True,True,True,0.265,1992-2005,D,True,in linea,legno,3,0.7166666666666667,52.6,0,upper
156.26,53.5,53.5,203.68,203.68,136.69,0.6711,0.0772,True,True,True,0.0689,1992-2005,D,True,plurifamiliare,c.a. con laterizi,3,0.8033333333333333,32.4,0,upper
216.52,157.01,157.01,566.26,566.26,329.11,0.5812,0.0241,True,True,True,0.5102,1961-1975,D,True,plurifamiliare,c.a. con laterizi,3,0.9033333333333333,29.7,0,upper
85.63,56.44,56.44,227.07,227.07,83.43,0.3674,0.0195,True,True,True,0.0894,before 1930,D,True,monofamiliare,muratura portante,3,0.6866666666666666,31.8,0,upper
98.11,170.62,170.62,617.85,617.85,301.12,0.4874,0.031,True,True,True,0.2351,1992-2005,D,True,in linea,c.a. con laterizi,3,0.9866666666666667,54.5,0,multi_floor
206.3,52.79,52.79,187.29,187.29,164.54,0.8785,0.0968,True,True,True,0.4816,1961-1975,D,True,plurifamiliare,c.a. con laterizi,3,0.5733333333333334,49.400000000000006,0,upper
165.0,103.95,103.95,385.16,385.16,374.92,0.9734,0.0481,True,False,True,0.5247,1976-1985,D,True,altro,altro,2,0.495,7.13,0,unknown
152.86,148.54,148.54,726.2,726.21,417.87,0.5754,0.0082,True,True,True,0.136,1946-1960,D,True,in linea,muratura portante,3,0.7233333333333333,15.0,1,ground
76.81,114.55,114.55,402.4,402.4,164.21,0.4081,0.0612,True,True,True,0.0221,1961-1975,D,True,in linea,c.a. con laterizi,3,0.8700000000000001,43.2,0,upper
334.1,98.03,64.74,359.47,237.05,221.89,0.6173,0.0704,True,True,True,0.6123,1976-1985,D,True,torre,c.a. con laterizi,3,0.5666666666666668,49.61,0,upper
86.14,81.2,81.2,281.38,281.38,90.06,0.3201,0.0168,True,True,True,0.4805,1976-1985,D,True,plurifamiliare,c.a. con laterizi,3,0.7566666666666667,19.2,0,upper
75.55,189.55,137.27,707.78,514.1,499.59,0.7059,0.0237,True,True,True,0.043,1992-2005,D,True,monofamiliare,c.a. con laterizi,3,0.7200000000000001,42.6,0,multi_floor
77.8,326.51,326.51,1199.73,1199.73,704.19,0.587,0.0277,True,True,True,0.5162,1961-1975,D,False,corte,c.a. con laterizi,3,0.7800000000000001,60.2,0,ground
248.55,102.77,102.77,388.85,388.85,291.28,0.7491,0.0163,True,True,True,0.6314,1976-1985,E,True,plurifamiliare,c.a. con laterizi,3,0.5666666666666668,31.200000000000003,0,upper
129.63,64.88,64.88,200.5,200.5,178.02,0.8878,0.0477,True,True,True,1.0198,1976-1985,D,True,plurifamiliare,c.a. con laterizi,3,0.8233333333333333,9.82,0,upper
221.54,154.0,154.0,582.86,582.86,245.0,0.4203,0.0169,True,True,True,0.4701,1961-1975,D,True,monofamiliare,muratura portante,3,0.7733333333333334,30.599999999999998,0,multi_floor
210.66,131.89,131.89,416.49,416.49,230.8,0.5542,0.1106,True,True,False,0.2652,1930-1945,D,False,plurifamiliare,c.a. con laterizi,3,0.3,15.2,0,multi_floor
311.15,58.42,58.42,245.13,245.13,239.05,0.9752,0.0737,True,True,True,0.0951,after 2007,D,True,monofamiliare,c.a. con laterizi,3,0.8566666666666666,50.6,0,ground
130.65,62.95,34.53,238.46,126.48,186.59,0.7825,0.0549,True,True,True,0.2349,after 2007,D,True,plurifamiliare,c.a. con laterizi,3,0.9,52.5,0,upper
189.54,72.33,72.33,348.18,348.18,186.47,0.5356,0.1318,True,True,False,1.0751,1976-1985,D,False,plurifamiliare,c.a. con laterizi,3,0.5900000000000001,14.2,0,ground
270.25,354.27,240.97,1416.43,963.44,898.0,0.634,0.1081,True,True,True,0.7884,1976-1985,D,False,altro,altro,4,0.6725,69.31,0,multi_floor
394.58,65.92,65.92,245.54,245.54,194.34,0.7915,0.0423,True,False,True,0.2068,before 1930,E,True,blocco,muratura portante,2,0.74,48.04,0,upper
266.93,76.95,76.95,367.83,367.83,198.63,0.54,0.1924,True,True,True,0.0866,1992-2005,D,False,blocco,c.a. con chiusure in pannelli prefabbricati,4,0.7466666666666667,58.260000000000005,0,ground
128.94,60.16,60.16,221.83,221.83,156.62,0.706,0.0039,True,True,True,0.5854,1946-1960,D,True,bifamiliare,muratura portante,3,0.42333333333333334,41.6,0,ground
214.11,104.39,104.39,351.99,351.99,119.98,0.3408,0.1524,True,True,True,0.5899,1961-1975,D,False,in linea,c.a. con laterizi,4,0.64,15.98,0,ground
157.64,33.14,33.14,121.02,121.02,63.21,0.5223,0.0866,True,True,True,0.4227,1992-2005,D,True,blocco,c.a. con laterizi,3,0.8033333333333333,10.6,0,ground
587.06,388.99,388.99,1709.89,1709.89,1085.35,0.6348,0.0667,True,True,True,0.7477,1961-1975,D,False,altro,c.a. con laterizi,4,0.8475,102.30000000000001,0,ground
479.46,852.51,852.51,3276.14,3276.14,2237.23,0.6829,0.0349,True,True,True,0.573,1992-2005,D,False,monofamiliare,c.a. con laterizi,4,0.7866666666666666,285.7,0,multi_floor
325.03,134.88,134.88,550.82,550.82,532.96,0.9676,0.1332,True,True,False,1.7878,1961-1975,D,False,plurifamiliare,c.a. con laterizi,3,0.52,11.399999999999999,0,ground
320.39,28.0,28.0,124.26,124.26,68.64,0.5524,0.0731,True,True,True,0.1912,1946-1960,D,True,monofamiliare,muratura portante,3,0.39666666666666667,22.68,0,upper
102.4,74.6,74.6,194.94,194.94,171.01,0.8773,0.0414,True,True,False,0.0328,before 1930,E,False,in linea,muratura portante,3,0.635,15.76,0,ground
111.85,47.54,43.6,177.63,162.9,79.03,0.4449,0.0678,True,True,True,0.267,1961-1975,D,True,plurifamiliare,c.a. con laterizi,3,0.9733333333333333,50.92,0,ground
116.65,124.17,124.17,587.25,587.25,215.94,0.3677,0.0366,True,True,True,0.0142,1930-1945,D,True,in linea,muratura portante,3,0.6966666666666667,53.4,0,upper
385.9,153.26,153.26,633.05,633.05,608.47,0.9612,0.1107,True,True,True,0.7312,1992-2005,D,False,plurifamiliare,c.a. con laterizi,4,0.9233333333333333,64.53999999999999,0,upper
132.91,104.47,57.8,339.37,187.64,110.18,0.3247,0.0506,True,True,True,0.3381,1976-1985,D,True,in linea,c.a. con laterizi,3,0.69,52.0,0,upper
183.52,79.0,79.0,354.45,354.46,122.76,0.3463,0.0274,True,True,True,0.47,1961-1975,D,True,plurifamiliare,muratura portante,3,0.8333333333333334,66.0,0,upper
117.04,78.47,54.51,257.14,178.44,121.58,0.4728,0.048,True,True,True,0.2088,1992-2005,D,True,plurifamiliare,c.a. con laterizi,3,0.7633333333333333,30.75,0,multi_floor
282.83,110.71,95.91,495.66,434.97,405.34,0.8178,0.0442,True,True,True,0.2341,before 1930,D,True,monofamiliare,muratura portante,3,0.47000000000000003,55.1,0,multi_floor
326.73,47.99,26.0,209.6,121.22,181.93,0.868,0.135,True,True,True,0.5654,1961-1975,D,True,schiera,muratura portante,3,0.8533333333333334,50.58,0,ground
120.4,322.75,133.25,1316.86,530.88,685.98,0.5209,0.0313,True,True,True,0.1006,before 1930,D,True,corte,muratura portante,3,0.9866666666666667,70.6,0,multi_floor
151.52,394.32,394.32,1824.31,1824.31,980.06,0.5372,0.0812,True,True,True,0.3,1992-2005,D,False,blocco,c.a. con chiusure in pannelli prefabbricati,5,0.7333333333333334,305.74,0,upper
120.5,95.0,95.0,322.23,322.23,201.97,0.6267,0.0244,True,True,True,0.152,after 2007,D,True,plurifamiliare,legno,3,0.87,52.7,0,upper
49.73,534.67,534.67,2591.6,2591.6,505.36,0.195,0.0394,True,True,False,0.0502,before 1930,D,False,schiera,muratura portante,2,0.84,123.0,0,upper
149.48,42.0,35.49,164.44,137.2,134.31,0.8168,0.0332,True,True,True,0.2413,before 1930,D,True,monofamiliare,muratura portante,3,0.5466666666666667,6.3,0,ground
232.65,81.97,81.97,329.84,329.84,234.58,0.7112,0.0716,True,False,True,0.3314,1961-1975,D,True,plurifamiliare,c.a. con laterizi,2,0.745,48.24,0,upper
99.83,65.37,65.37,218.15,218.15,38.92,0.1784,0.019,True,True,True,0.2053,1961-1975,D,True,in linea,c.a. con laterizi,3,0.5966666666666667,49.9,0,ground
210.66,131.89,131.89,416.49,416.49,230.8,0.5542,0.1106,True,True,False,0.2652,1930-1945,D,False,plurifamiliare,muratura portante,3,0.3,15.2,0,multi_floor
106.03,113.55,98.17,492.38,418.35,317.62,0.6451,0.0252,True,True,True,0.0142,1961-1975,D,True,monofamiliare,muratura portante,3,0.8266666666666667,35.1,0,upper
152.39,87.97,87.97,331.6,331.6,225.0,0.6785,0.0336,True,True,True,1.1276,1961-1975,D,True,plurifamiliare,muratura portante,3,0.8366666666666668,51.7,0,underground
120.1,61.27,51.43,205.15,171.36,92.72,0.452,0.0803,True,True,True,0.1805,1992-2005,D,True,in linea,mista (c.a. + laterizi),3,0.84,49.9,0,upper
53.75,110.79,87.01,441.04,349.73,160.06,0.3629,0.0276,True,True,True,0.0091,1961-1975,D,True,monofamiliare,muratura portante,3,0.8300000000000001,34.1,0,upper
160.64,56.42,27.6,225.94,110.36,174.73,0.7733,0.0382,True,True,True,0.4072,before 1930,D,True,monofamiliare,muratura portante,3,0.59,32.6,0,upper
48.75,94.21,94.21,338.4,338.4,143.66,0.4245,0.024,True,True,True,0.0191,1986-1991,D,True,plurifamiliare,c.a. con laterizi,3,0.96,36.0,0,upper
87.04,134.13,68.36,535.04,262.64,364.99,0.6822,0.0308,True,True,True,0.0677,1961-1975,D,True,monofamiliare,muratura portante,3,0.6666666666666666,32.230000000000004,0,upper
47.43,94.16,94.16,338.4,338.4,143.66,0.4245,0.024,True,True,True,0.0191,1986-1991,D,True,plurifamiliare,c.a. con laterizi,3,0.9933333333333333,36.0,0,upper
149.06,114.95,114.95,420.42,420.42,329.19,0.783,0.0215,True,True,True,0.1813,1986-1991,D,True,plurifamiliare,c.a. con laterizi,3,0.9433333333333334,49.74,0,upper
26.17,94.2,94.2,338.4,338.4,143.65,0.4245,0.0246,True,True,True,0.0191,1986-1991,D,True,plurifamiliare,c.a. con laterizi,3,1.0,37.01,0,upper
165.69,124.7,124.7,485.34,485.34,289.58,0.5967,0.0649,True,True,True,0.4272,1992-2005,D,True,in linea,c.a. con laterizi,3,0.9500000000000001,66.5,0,multi_floor
523.26,24.32,24.32,118.83,118.83,75.71,0.6372,0.0,True,True,False,0.0394,1930-1945,D,False,plurifamiliare,muratura portante,3,0.40499999999999997,5.5,1,ground
262.17,180.6,88.09,574.71,280.25,393.81,0.6852,0.0491,True,True,True,0.6875,1976-1985,D,True,bifamiliare,c.a. con laterizi,3,0.7333333333333334,51.8,0,multi_floor
222.08,60.93,35.47,234.12,132.98,178.95,0.7644,0.0239,True,True,True,0.1312,after 2007,D,True,schiera,c.a. con laterizi,3,0.73,54.6,0,ground
53.45,79.76,79.76,299.94,299.94,108.78,0.3627,0.02,True,True,True,0.0053,1946-1960,D,True,plurifamiliare,muratura portante,3,0.9233333333333333,54.900000000000006,0,upper
189.27,82.53,82.53,306.42,306.42,192.2,0.6272,0.0579,True,True,True,0.2675,2006-2007,D,True,plurifamiliare,c.a. con laterizi,3,0.8466666666666667,34.81,0,upper
360.29,50.0,50.0,186.0,186.0,22.68,0.1219,0.0509,True,False,True,0.1942,1976-1985,D,True,plurifamiliare,c.a. con laterizi,2,0.73,42.66,0,ground
234.47,173.97,173.97,669.98,669.98,691.81,1.0326,0.0106,True,True,True,0.3095,before 1930,E,True,in linea,muratura portante,3,0.5066666666666667,51.9,0,multi_floor
205.09,92.08,92.08,339.44,339.44,236.48,0.6967,0.049,True,True,True,0.1897,1986-1991,D,True,in linea,muratura portante,3,0.5766666666666667,55.0,0,upper
101.5,93.84,93.84,342.79,342.79,141.15,0.4118,0.0819,True,True,True,0.513,1986-1991,D,True,plurifamiliare,c.a. con laterizi,3,1.0,53.96,0,upper
184.47,92.0,92.0,328.0,328.0,112.0,0.3414,0.0055,True,True,True,0.136,1946-1960,D,True,in linea,legno,3,0.7733333333333333,53.3,0,upper
196.74,64.88,64.88,182.22,182.22,152.9,0.8391,0.069,True,True,True,0.4466,1992-2005,E,True,plurifamiliare,c.a. con laterizi,3,0.7233333333333333,50.05,0,ground
79.57,95.45,95.45,365.58,365.58,221.92,0.607,0.0227,True,True,True,0.0145,1976-1985,D,True,plurifamiliare,c.a. con laterizi,3,0.9566666666666667,42.17,0,upper
61.26,198.32,48.18,791.73,172.13,337.19,0.4259,0.013,True,True,True,0.1877,1986-1991,D,True,schiera,c.a. con laterizi,3,0.7333333333333334,33.95,0,multi_floor
286.39,44.38,44.38,166.36,166.36,116.91,0.7028,0.0359,True,True,True,1.3836,before 1930,D,False,schiera,muratura portante,4,0.4466666666666667,52.39,0,upper
64.06,242.73,242.73,777.84,777.84,193.35,0.2486,0.0093,True,True,True,0.5976,1976-1985,D,True,torre,c.a. con laterizi,3,0.9366666666666666,37.3,0,multi_floor
115.9,45.44,45.44,181.61,181.61,92.78,0.5109,0.0795,True,True,False,0.7434,before 1930,D,False,in linea,muratura portante,3,0.5466666666666666,11.700000000000001,0,ground
156.96,33.54,33.54,161.87,161.87,118.78,0.7338,0.0509,True,True,False,0.1129,before 1930,D,False,in linea,muratura portante,3,0.5266666666666666,11.700000000000001,0,multi_floor
228.7,45.82,41.01,187.37,167.22,150.55,0.8035,0.0441,True,True,True,0.4252,before 1930,D,True,schiera,muratura portante,3,0.6766666666666666,54.5,0,ground
208.71,100.94,100.94,363.0,363.0,355.0,0.978,0.1394,True,False,True,0.6045,1976-1985,D,True,monofamiliare,c.a. con laterizi,2,0.7,58.4,0,upper
77.55,85.19,32.2,373.99,142.32,326.21,0.8723,0.0186,True,True,True,0.0162,1961-1975,E,True,bifamiliare,muratura portante,3,0.9266666666666667,51.6,0,multi_floor
98.42,248.63,82.58,957.63,319.86,645.25,0.6738,0.0663,True,True,True,0.2822,before 1930,D,True,monofamiliare,muratura portante,3,0.9866666666666667,10.8,0,ground
237.55,52.44,44.99,240.71,204.16,152.33,0.6328,0.0647,True,True,True,0.2539,1946-1960,D,True,plurifamiliare,muratura portante,3,0.5933333333333333,28.9,0,upper
125.23,92.1,92.1,316.43,316.43,225.12,0.7114,0.0342,True,True,True,0.2612,1976-1985,D,True,in linea,c.a. con laterizi,3,0.91,52.1,0,upper
114.28,81.0,16.82,349.46,70.28,248.83,0.712,0.0638,True,True,True,0.3748,1961-1975,D,True,monofamiliare,muratura portante,3,0.7000000000000001,31.1,0,ground
137.24,37.12,37.12,136.04,136.04,72.07,0.5298,0.0334,True,False,True,0.3279,1992-2005,E,True,altro,altro,2,0.7150000000000001,46.6,0,ground
194.52,44.68,44.68,206.73,206.73,172.76,0.8357,0.0455,True,True,True,0.1854,1992-2005,D,True,bifamiliare,c.a. con laterizi,3,0.41,29.5,0,ground
114.75,140.94,140.94,599.71,599.71,451.0,0.752,0.0521,True,True,True,0.2392,1992-2005,D,True,bifamiliare,c.a. con laterizi,3,0.7799999999999999,36.4,0,multi_floor
85.92,127.54,25.19,576.66,96.36,379.23,0.6576,0.0231,True,True,True,0.0696,before 1930,D,True,in linea,muratura portante,3,0.7866666666666667,39.2,0,multi_floor
254.17,94.67,94.67,409.07,409.07,288.1,0.7043,0.014,True,True,True,0.6307,1961-1975,D,True,plurifamiliare,c.a. con laterizi,3,0.6933333333333334,37.7,0,multi_floor
182.06,92.88,92.88,369.14,369.14,273.21,0.7401,0.0288,True,True,True,0.5564,2006-2007,D,True,bifamiliare,muratura portante,3,0.7200000000000001,53.15,0,multi_floor
136.24,84.83,84.83,254.49,254.49,179.24,0.7043,0.0472,True,True,True,0.1028,1986-1991,D,True,plurifamiliare,c.a. con laterizi,3,0.9233333333333333,34.32,0,upper
125.22,106.3,106.3,443.83,443.83,154.55,0.3482,0.049,True,True,True,0.0394,before 1930,D,True,in linea,muratura portante,3,0.7766666666666667,55.0,0,upper
173.88,37.25,37.25,147.56,147.56,64.22,0.4352,0.105,True,True,False,0.0394,before 1930,D,False,in linea,muratura portante,2,0.6699999999999999,2.2,1,ground
98.96,96.61,96.61,385.11,385.11,156.03,0.4052,0.062,True,True,True,0.4115,1961-1975,D,True,plurifamiliare,muratura portante,3,0.7566666666666667,40.900000000000006,0,upper
235.8,101.42,101.42,390.72,390.72,336.02,0.86,0.0382,True,True,True,0.5355,1986-1991,D,False,blocco,c.a. con laterizi,4,0.8066666666666666,18.91,0,ground
168.04,55.0,55.0,229.39,229.39,256.97,1.1202,0.1251,True,True,True,1.0308,1992-2005,D,True,torre,muratura portante,3,0.9666666666666667,5.5,0,upper
177.96,89.79,59.75,385.6,255.46,426.19,1.1053,0.0446,True,True,True,0.3397,1946-1960,D,True,monofamiliare,muratura portante,3,0.5966666666666667,29.7,0,ground
175.4,158.29,29.83,603.95,111.09,449.38,0.7441,0.0235,True,True,True,0.2285,1992-2005,D,True,plurifamiliare,c.a. con laterizi,3,0.62,60.629999999999995,0,multi_floor
169.03,118.41,105.78,475.28,424.59,136.81,0.2879,0.0185,True,True,True,0.6258,1946-1960,D,True,plurifamiliare,c.a. con laterizi,3,0.9566666666666667,52.980000000000004,0,upper
244.94,78.28,78.28,306.97,306.97,170.45,0.5553,0.0298,True,False,True,0.6993,1961-1975,D,True,plurifamiliare,c.a. con laterizi,2,0.725,40.84,0,upper
104.32,161.32,43.23,614.15,164.57,475.6,0.7744,0.031,True,True,True,0.1912,1992-2005,D,True,monofamiliare,c.a. con laterizi,3,0.8933333333333332,29.33,0,multi_floor
153.29,108.89,108.89,405.81,405.81,196.56,0.4844,0.0469,True,True,True,0.4012,1986-1991,D,True,bifamiliare,c.a. con laterizi,3,0.4633333333333333,37.9,0,multi_floor
77.51,115.91,115.91,385.48,385.48,137.21,0.356,0.0195,True,True,True,0.4173,1992-2005,D,True,torre,c.a. con laterizi,3,0.86,29.5,0,multi_floor
94.19,81.0,81.0,314.38,314.38,107.07,0.3406,0.0393,True,False,True,0.498,1961-1975,D,True,blocco,c.a. con laterizi,2,0.835,35.3,0,upper
254.29,32.0,32.0,122.0,122.0,81.0,0.6639,0.1751,True,True,True,0.5685,1961-1975,D,False,torre,c.a. con laterizi,4,0.7366666666666667,12.0,0,ground
369.96,177.0,177.0,660.0,660.0,445.0,0.6742,0.0843,True,True,True,0.6299,1961-1975,D,False,piastra,c.a. con laterizi,4,0.7466666666666667,73.2,0,ground
445.13,65.0,65.0,245.0,245.0,160.0,0.6531,0.0808,True,True,True,0.6333,1961-1975,D,False,piastra,c.a. con laterizi,4,0.7366666666666667,32.800000000000004,0,ground
130.58,55.55,55.55,223.47,223.47,152.94,0.6844,0.1585,True,True,True,0.2094,after 2007,D,False,corte,prefabbricata in c.a.,4,0.81,49.0,0,ground
167.58,90.14,18.34,312.81,61.83,118.95,0.3803,0.0719,True,True,True,0.3712,1930-1945,E,True,in linea,muratura portante,3,0.69,47.67,0,upper
77.09,126.4,126.4,510.59,510.59,407.79,0.7987,0.024,True,True,True,0.0639,1930-1945,D,True,monofamiliare,muratura portante,3,0.9500000000000001,28.0,0,multi_floor
333.77,78.0,78.0,273.39,273.39,176.35,0.645,0.0315,True,True,True,0.47,1946-1960,D,True,plurifamiliare,muratura portante,3,0.6833333333333335,52.0,0,upper
137.23,104.03,104.03,415.45,415.45,291.4,0.7014,0.055,True,True,True,0.1029,1961-1975,D,True,plurifamiliare,c.a. con laterizi,3,0.8733333333333334,34.2,0,upper
129.07,96.55,67.75,383.99,267.71,217.99,0.5677,0.0614,True,True,True,0.5125,1961-1975,D,True,in linea,c.a. con laterizi,3,0.8066666666666666,45.0,0,upper
120.85,104.52,104.52,346.28,346.28,125.19,0.3615,0.0552,True,True,True,0.6079,1976-1985,D,True,plurifamiliare,c.a. con laterizi,3,0.6633333333333333,51.5,0,upper
102.61,98.22,98.22,328.5,328.5,106.41,0.3239,0.0319,True,True,True,0.6155,1961-1975,D,True,blocco,c.a. con laterizi,3,0.9,49.9,0,upper
536.88,109.72,109.72,451.94,451.94,304.05,0.6728,0.0449,True,True,True,0.4811,1946-1960,E,False,in linea,muratura portante,4,0.47000000000000003,24.08,0,ground
249.45,36.17,36.17,155.23,155.23,95.11,0.6127,0.0741,True,True,True,0.4012,1946-1960,E,False,in linea,muratura portante,4,0.44,15.27,0,ground
161.94,99.91,96.59,335.03,322.88,252.85,0.7547,0.0718,True,True,True,0.3519,1976-1985,D,True,in linea,c.a. con laterizi,3,0.9833333333333334,52.599999999999994,0,upper
187.19,43.12,43.12,148.01,148.01,74.55,0.5037,0.012,True,True,True,0.1524,1930-1945,D,True,in linea,muratura portante,3,0.5966666666666667,53.5,0,upper
87.6,1003.48,943.65,4093.93,3857.36,3198.33,0.7812,0.0336,True,True,False,0.1146,1992-2005,D,False,blocco,c.a. con chiusure in pannelli prefabbricati,5,0.4975,275.11,0,multi_floor
148.57,67.0,67.0,227.25,227.26,108.1,0.4756,0.0205,True,True,True,0.265,1986-1991,D,True,plurifamiliare,legno,3,0.9633333333333334,50.0,0,upper
205.28,67.0,67.0,227.25,227.26,181.8,0.8,0.0186,True,True,True,0.265,1986-1991,D,True,plurifamiliare,legno,3,0.9466666666666667,50.0,0,upper
194.11,61.0,61.0,206.9,206.91,166.89,0.8066,0.0297,True,True,True,0.265,1986-1991,D,True,plurifamiliare,legno,3,0.9566666666666667,50.0,0,ground
159.84,36.11,36.11,134.48,134.48,35.04,0.2606,0.035,True,True,True,0.4749,1976-1985,D,True,blocco,c.a. con laterizi,3,0.42333333333333334,31.0,0,upper
112.45,96.21,38.31,349.01,133.37,224.97,0.6446,0.0524,True,True,True,0.2097,1986-1991,D,True,in linea,c.a. con laterizi,3,0.7533333333333333,50.120000000000005,0,upper
282.26,438.2,113.3,1691.33,429.95,1080.43,0.6388,0.0843,True,True,True,0.2155,1976-1985,E,False,in linea,c.a. con laterizi,4,0.7233333333333333,75.29,0,ground
136.06,243.82,243.82,1022.36,1022.36,276.3,0.2703,0.0158,True,True,True,0.086,1930-1945,D,True,monofamiliare,muratura portante,3,0.77,53.2,0,multi_floor
189.45,106.83,31.19,425.94,127.0,251.69,0.5909,0.0297,True,True,True,0.2487,1976-1985,D,True,plurifamiliare,c.a. con laterizi,3,0.7166666666666667,50.9,0,upper
202.11,92.52,92.52,323.34,323.34,349.24,1.0801,0.0194,True,True,True,0.5321,1946-1960,E,True,in linea,muratura portante,3,0.8133333333333334,52.21,0,upper
124.36,287.27,287.27,1107.64,1107.64,293.35,0.2648,0.035,True,True,True,0.697,1992-2005,D,False,blocco,c.a. con laterizi,4,0.78,46.029999999999994,0,upper
189.35,87.71,15.34,342.09,59.91,233.15,0.6815,0.0237,True,True,True,0.2841,1976-1985,E,True,plurifamiliare,mista (c.a. + laterizi),3,0.5166666666666667,31.1,0,upper
403.75,52.64,52.64,219.7,219.7,158.11,0.7197,0.0444,True,True,True,0.4905,1930-1945,D,True,plurifamiliare,muratura portante,3,0.7166666666666667,51.5,0,upper
48.58,95.45,95.45,349.21,349.21,107.74,0.3085,0.0227,True,True,True,0.0145,1976-1985,D,True,plurifamiliare,c.a. con laterizi,3,0.9466666666666667,57.4,0,upper
48.46,109.94,109.94,406.61,406.61,137.59,0.3384,0.0262,True,True,True,0.0145,1976-1985,D,True,plurifamiliare,c.a. con laterizi,3,0.9733333333333333,47.8,0,upper
98.52,105.6,105.6,430.15,430.15,98.56,0.2291,0.0733,True,True,True,0.4501,1946-1960,D,True,plurifamiliare,c.a. con laterizi,3,0.8633333333333333,30.5,0,upper
464.38,102.24,102.24,390.14,390.14,311.21,0.7977,0.0,True,False,True,0.835,before 1930,E,True,bifamiliare,muratura portante,2,0.65,39.02,0,multi_floor
69.39,191.63,34.49,853.3,159.32,595.39,0.6977,0.0205,True,True,True,0.2701,1946-1960,D,True,monofamiliare,muratura portante,3,0.8833333333333333,35.35,0,multi_floor
100.25,204.86,110.54,694.98,333.73,566.96,0.8158,0.0244,True,True,True,0.2111,2006-2007,D,True,corte,muratura portante,3,0.7999999999999999,37.42,0,underground
48.66,110.0,110.0,390.0,390.0,160.8,0.4123,0.0692,True,False,True,0.1942,2006-2007,D,True,plurifamiliare,c.a. con laterizi,2,0.595,42.66,0,ground
513.84,37.17,37.17,177.03,177.03,121.91,0.6887,0.1131,True,True,True,0.0329,1976-1985,D,False,plurifamiliare,c.a. con laterizi,4,0.24666666666666667,7.72,0,ground
110.49,135.0,135.0,563.33,563.33,487.51,0.8654,0.0855,True,True,True,0.1119,1976-1985,D,False,monofamiliare,acciaio con chiusure in muratura,3,0.6366666666666667,33.5,0,multi_floor
76.59,60.0,60.0,203.51,203.52,95.04,0.467,0.0079,True,True,True,0.122,after 2007,D,True,plurifamiliare,legno,3,0.7999999999999999,139.4,0,upper
122.34,80.4,80.4,297.09,297.09,155.29,0.5227,0.069,True,True,True,0.2393,1976-1985,D,False,in linea,c.a. con laterizi,4,0.6233333333333333,7.34,0,ground
97.07,104.42,104.42,417.42,417.42,163.18,0.3909,0.073,True,True,True,0.1466,1946-1960,D,True,blocco,c.a. con laterizi,3,0.9333333333333332,52.1,0,upper
125.53,83.95,83.95,297.87,297.87,212.58,0.7137,0.05,True,True,True,0.2212,1946-1960,D,True,plurifamiliare,c.a. con laterizi,3,0.8366666666666666,35.8,0,upper
247.28,139.5,16.85,530.17,59.87,371.84,0.7014,0.044,True,True,True,0.3334,2006-2007,D,True,schiera,c.a. con laterizi,3,0.7366666666666667,36.3,0,multi_floor
302.54,108.32,108.32,467.92,467.92,458.62,0.9801,0.0825,True,True,True,0.4608,1961-1975,D,True,plurifamiliare,muratura portante,3,0.6533333333333333,31.6,0,multi_floor
208.88,257.27,105.81,935.23,381.12,741.8,0.7932,0.0342,True,True,True,0.5345,1992-2005,D,False,monofamiliare,c.a. con chiusure in pannelli prefabbricati,4,0.5175,77.7,0,multi_floor
180.62,73.61,73.61,282.37,282.37,223.49,0.7915,0.0448,True,True,True,0.2823,1961-1975,D,True,in linea,c.a. con laterizi,3,0.9400000000000001,51.4,0,upper
152.6,99.58,38.23,375.82,143.4,260.89,0.6942,0.0824,True,True,True,0.38,1976-1985,E,True,monofamiliare,muratura portante,3,0.5766666666666667,53.0,0,upper
64.12,83.29,41.54,258.51,85.6,168.75,0.6528,0.0628,True,True,True,0.0178,after 2007,D,True,monofamiliare,muratura portante,3,0.8366666666666668,31.299999999999997,0,multi_floor
331.71,54.68,54.68,249.38,249.38,210.13,0.8426,0.0934,True,True,False,0.0035,before 1930,D,False,blocco,muratura portante,3,0.5349999999999999,10.91,0,ground
102.92,142.84,142.84,476.48,476.48,116.41,0.2443,0.0284,True,True,True,0.1524,1961-1975,D,True,in linea,c.a. con laterizi,3,0.7833333333333333,69.1,0,upper
308.16,249.23,238.11,1131.82,1077.97,714.79,0.6315,0.0789,True,True,True,0.6033,1976-1985,D,False,plurifamiliare,c.a. con laterizi,6,0.7066666666666667,76.8,0,ground
244.13,325.1,325.1,1235.27,1235.27,917.59,0.7428,0.0375,True,False,True,0.5598,1976-1985,D,True,altro,altro,2,0.725,159.96,0,unknown
82.2,89.52,79.48,326.97,287.27,154.0,0.471,0.0652,True,True,True,0.2553,1992-2005,D,True,torre,c.a. con laterizi,3,0.79,64.0,0,upper
195.18,55.68,55.68,240.54,240.54,262.06,1.0894,0.1058,True,True,True,0.6502,1930-1945,D,True,torre,muratura portante,3,0.8266666666666667,50.5,0,upper
203.54,529.7,529.7,2240.73,2240.73,280.28,0.1251,0.0371,True,True,True,0.5968,1986-1991,E,False,plurifamiliare,c.a. con chiusure in pannelli prefabbricati,4,1.0,106.0,0,underground
313.68,54.94,27.94,227.29,123.08,160.12,0.7045,0.2061,True,True,False,1.4582,1961-1975,D,False,monofamiliare,muratura portante,2,0.965,3.0,1,ground
135.94,110.37,110.37,417.33,417.33,127.8,0.3062,0.0319,True,True,True,0.4901,1961-1975,D,True,altro,altro,3,0.9066666666666666,44.12,0,upper
199.85,85.57,85.57,290.24,290.25,156.6,0.5395,0.0242,True,True,True,0.265,1992-2005,D,True,plurifamiliare,legno,3,0.6866666666666666,48.0,0,upper
136.87,93.32,93.32,340.71,340.71,105.3,0.3091,0.0183,True,True,True,0.3209,1992-2005,D,True,plurifamiliare,muratura portante,3,0.5233333333333333,36.1,0,upper
375.12,366.82,366.82,1665.72,1665.72,1404.99,0.8435,0.0859,True,False,True,0.2027,1976-1985,D,False,blocco,c.a. con laterizi,3,0.34,305.86,0,ground
93.97,148.52,148.52,492.28,492.28,120.58,0.245,0.0162,True,True,True,0.1524,after 2007,D,True,in linea,c.a. con laterizi,3,0.7533333333333333,58.5,0,upper
183.21,115.15,10.85,422.31,36.28,308.72,0.731,0.0538,True,True,True,0.4138,1961-1975,D,True,bifamiliare,c.a. con laterizi,3,0.61,40.25,0,upper
230.04,107.45,107.45,445.84,445.84,235.76,0.5288,0.0342,True,False,True,0.2482,1946-1960,D,True,in linea,muratura portante,2,0.775,46.84,0,upper
287.0,43.63,43.63,144.04,144.04,126.12,0.8756,0.0173,True,False,True,0.4584,1946-1960,D,True,in linea,muratura portante,2,0.755,48.4,0,upper
175.74,488.17,362.61,2963.95,2471.18,1502.65,0.507,0.2048,True,True,True,1.0313,1992-2005,D,False,in linea,prefabbricata in c.a.,4,0.6866666666666666,95.65,0,multi_floor
97.28,127.63,127.63,448.97,448.97,183.76,0.4093,0.0475,True,True,True,0.4704,1976-1985,D,True,plurifamiliare,c.a. con laterizi,3,1.0,40.31,0,upper
103.16,60.14,39.53,211.91,138.58,73.74,0.348,0.065,True,True,True,0.0845,1992-2005,D,True,in linea,mista (c.a. + laterizi),3,0.8466666666666667,60.0,0,upper
270.57,66.58,66.58,217.63,217.63,143.82,0.6608,0.0568,True,True,True,0.5634,1976-1985,D,True,in linea,muratura portante,3,0.8266666666666667,58.2,0,upper
239.84,228.84,228.84,984.91,984.91,609.31,0.6186,0.0107,True,True,True,0.2153,1992-2005,D,True,monofamiliare,muratura portante,3,0.52,39.77,0,multi_floor
125.15,140.51,140.51,558.11,558.11,352.63,0.6318,0.0534,True,True,True,0.7558,1986-1991,D,True,plurifamiliare,c.a. con laterizi,3,0.7466666666666666,32.5,0,ground
251.98,50.73,50.73,321.81,321.81,138.65,0.4308,0.0562,True,False,True,0.0768,1946-1960,D,False,corte,mista (altro),2,0.7849999999999999,48.26,0,ground
122.71,92.05,92.05,324.39,324.39,180.56,0.5566,0.0167,True,True,True,0.2121,before 1930,D,True,in linea,muratura portante,3,0.8866666666666667,35.9,0,upper
231.52,86.44,86.44,645.76,645.76,409.2,0.6337,0.1395,True,True,True,0.22,1992-2005,D,True,bifamiliare,c.a. con laterizi,3,0.9333333333333332,38.7,0,multi_floor
203.48,66.35,66.35,248.85,248.85,164.34,0.6604,0.0607,True,True,True,0.4583,1992-2005,D,True,monofamiliare,muratura portante,3,0.7133333333333334,49.1,0,upper
122.98,39.04,35.06,153.5,137.7,128.75,0.8388,0.0834,True,True,True,0.0795,after 2007,D,True,blocco,c.a. con laterizi,3,0.8766666666666666,53.949999999999996,0,upper
101.4,131.98,114.8,476.66,415.09,210.2,0.441,0.0372,True,True,True,0.1375,after 2007,D,True,schiera,c.a. con laterizi,3,0.8166666666666668,48.4,0,multi_floor
167.87,73.16,73.16,285.91,285.91,74.7,0.2613,0.0147,True,True,True,0.3209,1961-1975,D,True,plurifamiliare,muratura portante,3,0.4633333333333334,50.3,0,upper
130.66,113.35,113.35,437.88,437.88,129.45,0.2956,0.017,True,True,True,0.3798,1976-1985,D,True,plurifamiliare,c.a. con laterizi,3,0.7233333333333333,53.8,0,upper
127.3,109.86,109.86,385.74,385.74,119.04,0.3086,0.0672,True,True,True,0.9189,1961-1975,D,True,plurifamiliare,c.a. con laterizi,3,0.9666666666666667,50.9,0,upper
316.35,156.4,156.4,612.11,612.11,354.45,0.5791,0.0149,True,True,True,0.6276,1961-1975,D,True,plurifamiliare,c.a. con laterizi,3,0.7433333333333333,68.53999999999999,0,upper
85.24,130.0,130.0,539.14,539.14,296.98,0.5508,0.018,True,True,True,0.858,1946-1960,D,True,monofamiliare,muratura portante,3,0.8733333333333334,12.7,0,upper
81.77,147.0,147.0,482.93,482.93,157.41,0.3259,0.0154,True,True,True,0.5949,1946-1960,D,True,torre,c.a. con laterizi,3,0.9,25.3,0,upper
151.97,64.31,64.31,251.83,251.83,102.23,0.406,0.0327,True,False,True,0.5828,1961-1975,D,True,in linea,c.a. con laterizi,2,0.515,1.22,1,upper
212.18,54.75,54.75,203.54,203.54,136.65,0.6714,0.0533,True,True,True,0.1136,1992-2005,D,False,blocco,c.a. con laterizi,4,0.5033333333333333,54.6,0,upper
111.85,105.0,105.0,450.0,450.0,100.06,0.2223,0.0209,True,True,True,0.4227,1976-1985,D,True,blocco,mista (c.a. + laterizi),3,0.6633333333333333,50.800000000000004,0,upper
152.97,130.0,130.0,351.0,351.0,155.0,0.4416,0.0186,True,True,True,0.0377,1992-2005,D,True,torre,muratura portante,3,0.6733333333333333,49.84,0,multi_floor
50.26,151.59,151.59,750.11,750.11,587.18,0.7828,0.0122,True,True,True,0.0291,after 2007,D,True,monofamiliare,legno,4,0.56,33.43,0,multi_floor
287.46,98.39,69.37,357.44,252.18,282.87,0.7914,0.0424,True,True,True,0.2155,1976-1985,D,True,in linea,c.a. con laterizi,3,0.5666666666666667,51.8,0,ground
423.38,31.88,31.88,111.2,111.2,62.11,0.5585,0.1057,True,True,False,0.14,1961-1975,D,False,plurifamiliare,c.a. con laterizi,3,0.48000000000000004,5.800000000000001,0,ground
176.19,121.88,116.62,462.99,441.35,240.73,0.5199,0.0704,True,True,True,0.365,after 2007,D,False,monofamiliare,muratura portante,4,0.5775,55.3,0,upper
144.54,88.0,88.0,334.32,334.32,222.34,0.665,0.096,True,True,True,0.3955,after 2007,E,False,plurifamiliare,c.a. con laterizi,3,0.6066666666666666,54.2,0,ground
291.58,54.64,54.64,242.56,242.56,169.32,0.6981,0.0341,True,True,True,0.3953,before 1930,D,True,in linea,muratura portante,3,0.9433333333333334,28.51,0,multi_floor
196.75,83.32,83.32,321.32,321.32,227.97,0.7095,0.0171,True,True,True,0.2461,1976-1985,D,True,plurifamiliare,mista (c.a. + laterizi),3,0.75,50.5,0,upper
155.36,88.0,88.0,334.32,334.32,228.55,0.6836,0.123,True,True,True,0.3955,after 2007,E,False,plurifamiliare,c.a. con laterizi,3,0.6,47.3,0,ground
360.4,86.01,68.59,323.03,257.83,233.59,0.7231,0.0682,True,True,True,0.6383,1992-2005,D,False,plurifamiliare,c.a. con laterizi,4,0.7066666666666667,37.39,0,upper
207.26,55.41,4.33,224.48,17.94,236.19,1.0522,0.034,True,False,True,0.4348,1976-1985,E,True,altro,altro,2,0.725,48.0,0,unknown
390.62,105.6,99.57,488.9,459.76,234.76,0.4802,0.0935,True,True,True,0.0247,1946-1960,D,False,in linea,muratura portante,4,0.51,15.2,0,ground
164.21,884.77,452.61,4144.78,1884.68,1723.08,0.4157,0.0661,True,True,True,0.4455,2006-2007,D,False,altro,c.a. con laterizi,3,0.5133333333333333,97.19999999999999,0,upper
118.97,78.23,78.23,276.18,276.18,63.12,0.2286,0.0592,True,True,True,0.4183,1961-1975,E,True,monofamiliare,muratura portante,3,0.7433333333333333,30.799999999999997,0,upper
79.59,84.94,84.94,330.63,330.63,126.27,0.3819,0.04,True,True,True,0.3795,1961-1975,D,True,plurifamiliare,c.a. con laterizi,3,0.9633333333333334,51.5,0,upper
93.49,157.64,115.99,516.21,367.7,360.18,0.6977,0.0512,True,True,True,0.14,1992-2005,D,True,schiera,c.a. con laterizi,3,0.8300000000000001,62.0,0,multi_floor
103.23,62.22,53.73,200.21,173.0,68.72,0.3432,0.0829,True,True,True,0.0205,after 2007,D,True,in linea,c.a. con laterizi,3,0.7433333333333333,50.9,0,upper
134.17,115.1,115.1,387.54,387.54,268.31,0.6923,0.0547,True,True,True,0.6475,1992-2005,D,True,in linea,muratura portante,3,0.89,53.0,0,multi_floor
219.16,89.5,89.5,336.0,336.0,105.0,0.3125,0.0126,True,True,True,0.136,1946-1960,D,True,in linea,legno,3,0.7833333333333333,48.4,0,upper
132.13,86.03,71.93,367.28,303.93,201.15,0.5477,0.0924,True,True,True,0.6061,1961-1975,D,False,altro,altro,5,0.45999999999999996,26.37,0,ground
131.24,40.77,40.77,138.28,138.29,119.09,0.8612,0.0221,True,True,True,0.541,1986-1991,D,True,schiera,legno,3,0.7033333333333333,8.25,0,ground
94.88,97.19,97.19,354.68,354.68,216.57,0.6106,0.0353,True,True,True,0.2145,after 2007,D,True,plurifamiliare,c.a. con laterizi,3,0.7666666666666666,61.0,0,multi_floor
179.05,90.82,90.82,341.73,341.73,143.98,0.4213,0.0217,True,True,True,1.0076,before 1930,D,True,altro,muratura portante,3,0.68,55.4,0,multi_floor
246.88,83.45,83.45,333.49,333.49,198.89,0.5964,0.0226,True,True,True,0.6088,1961-1975,D,True,torre,c.a. con laterizi,3,0.8733333333333334,32.4,0,upper
90.65,180.54,31.77,704.83,132.59,675.85,0.9589,0.0518,True,True,True,0.1,after 2007,D,True,monofamiliare,c.a. con laterizi,3,0.6733333333333333,34.75,0,multi_floor
201.57,28.0,28.0,111.12,111.12,92.67,0.834,0.0254,True,True,True,0.4703,1961-1975,D,True,in linea,muratura portante,3,0.6033333333333333,6.45,0,upper
255.44,59.21,59.21,227.51,227.51,172.49,0.7582,0.0169,True,True,True,0.4171,1930-1945,D,True,plurifamiliare,muratura portante,3,0.7466666666666667,31.17,0,upper
224.82,43.25,43.25,163.79,163.79,209.29,1.2778,0.0485,True,True,True,0.4904,1961-1975,D,False,monofamiliare,muratura portante,4,0.6366666666666666,6.1,0,ground
302.82,94.95,11.67,401.59,44.59,388.76,0.9681,0.0218,True,True,True,0.4934,1946-1960,D,True,altro,muratura portante,3,0.6466666666666666,29.14,0,multi_floor
194.62,307.39,307.39,1311.87,1311.87,815.81,0.6219,0.0463,True,True,True,0.2456,1946-1960,D,True,monofamiliare,muratura portante,3,0.7933333333333333,124.19999999999999,0,multi_floor
319.13,164.28,59.99,623.33,227.67,617.31,0.9903,0.0436,True,True,True,0.403,1976-1985,D,True,monofamiliare,muratura portante,3,0.7533333333333333,104.6,0,ground
233.02,64.92,64.92,247.99,247.99,268.58,1.083,0.1926,True,True,True,0.14,1992-2005,D,False,torre,c.a. con laterizi,3,0.7200000000000001,162.3,0,upper
92.64,65.9,65.9,226.42,226.42,104.25,0.4604,0.0343,True,True,True,0.2637,2006-2007,D,True,torre,c.a. con laterizi,3,0.8000000000000002,26.5,0,ground
274.75,33.65,33.65,124.27,124.27,99.5,0.8007,0.017,True,False,True,0.8166,1992-2005,D,True,in linea,altro,2,0.7,48.02,0,ground
136.19,44.0,44.0,170.21,170.21,147.46,0.8663,0.0289,True,True,True,0.5412,1976-1985,D,True,schiera,c.a. con laterizi,3,0.6,8.3,0,ground
171.55,134.59,134.59,679.33,679.33,279.82,0.4119,0.0,True,True,True,0.2829,before 1930,D,True,monofamiliare,muratura portante,3,0.8000000000000002,51.5,0,upper
200.94,45.1,45.1,182.54,182.54,134.06,0.7344,0.0455,True,True,True,0.7702,1961-1975,D,True,plurifamiliare,c.a. con laterizi,3,0.4366666666666667,5.49,0,multi_floor
153.18,63.13,63.13,251.26,251.26,117.61,0.4681,0.0473,True,True,True,0.0,after 2007,D,True,schiera,c.a. con laterizi,3,0.8033333333333333,56.9,0,ground
86.76,50.1,50.1,185.25,185.25,23.22,0.1253,0.0104,True,True,True,0.0379,after 2007,D,True,plurifamiliare,c.a. con laterizi,3,0.6366666666666666,53.3,0,ground
110.55,93.85,93.85,281.55,281.55,99.75,0.3543,0.0416,True,True,True,0.1704,1946-1960,D,True,plurifamiliare,c.a. con laterizi,3,0.5666666666666667,26.8,0,upper
64.61,95.75,37.81,340.46,134.72,117.98,0.3465,0.0532,True,True,True,0.3127,1986-1991,D,True,monofamiliare,muratura portante,3,0.7399999999999999,31.8,0,upper
129.53,66.03,66.03,262.85,262.85,175.78,0.6687,0.0034,True,False,True,0.0127,1986-1991,D,True,altro,altro,2,0.86,47.56,0,unknown
119.98,54.48,54.48,186.98,186.98,53.3,0.2851,0.0244,True,True,True,0.2096,1961-1975,D,True,corte,mista (altro),3,0.8266666666666667,6.5,0,upper
137.36,111.0,111.0,477.63,477.63,141.06,0.2953,0.0452,True,True,True,0.4701,1946-1960,D,True,plurifamiliare,c.a. con laterizi,3,0.9933333333333333,49.1,0,upper
85.76,84.99,84.99,315.8,315.8,123.81,0.392,0.0649,True,True,True,0.1736,after 2007,E,True,plurifamiliare,c.a. con laterizi,3,0.9866666666666667,28.6,0,upper
242.29,92.0,92.0,291.0,291.0,127.2,0.4371,0.0736,True,True,True,0.1562,after 2007,E,True,in linea,c.a. con laterizi,3,0.48666666666666664,31.2,0,upper
221.48,99.08,99.08,390.24,390.24,241.82,0.6197,0.0489,True,True,True,0.7016,1961-1975,D,True,in linea,c.a. con laterizi,3,0.7433333333333333,49.5,0,upper
41.24,79.83,79.83,332.47,332.47,231.99,0.6978,0.0168,True,False,True,0.0033,2006-2007,E,True,plurifamiliare,c.a. con laterizi,2,0.855,38.92,0,ground
103.55,108.0,108.0,359.69,359.69,131.87,0.3666,0.0052,True,True,True,0.8539,1961-1975,D,True,torre,c.a. con laterizi,3,0.8666666666666667,319.7,0,upper
198.14,58.35,58.35,204.73,204.73,139.58,0.6818,0.093,True,True,True,0.2473,2006-2007,D,True,plurifamiliare,c.a. con laterizi,3,0.6566666666666666,49.9,0,ground
117.7,66.05,66.05,246.0,246.0,189.05,0.7685,0.0839,True,False,True,0.4055,1946-1960,D,True,plurifamiliare,muratura portante,2,0.895,12.48,0,upper
90.59,89.0,89.0,340.0,340.0,188.0,0.5529,0.0037,True,True,True,0.0635,1946-1960,D,True,in linea,mista (c.a. + laterizi),3,0.8933333333333334,24.22,0,ground
123.34,1213.44,1213.44,2696.53,2696.53,436.8,0.162,0.05,True,True,False,0.6315,1992-2005,D,False,altro,c.a. con laterizi,3,0.865,202.7,0,ground
53.54,110.96,110.96,374.59,374.59,109.17,0.2914,0.0332,True,True,True,0.085,1946-1960,D,True,corte,c.a. con laterizi,3,0.9199999999999999,31.3,0,upper
161.2,140.08,92.82,577.12,374.93,519.8,0.9007,0.075,True,True,True,0.3056,1992-2005,D,True,monofamiliare,c.a. con laterizi,3,0.7399999999999999,30.7,0,upper
141.36,90.46,90.46,366.88,366.88,215.91,0.5885,0.0206,True,True,True,0.0441,1946-1960,D,True,plurifamiliare,muratura portante,3,0.8266666666666667,52.2,0,ground
140.18,74.32,74.32,312.93,312.93,189.42,0.6053,0.0235,True,True,True,0.0441,1946-1960,D,True,plurifamiliare,muratura portante,3,0.9233333333333333,49.5,0,ground
135.76,98.51,98.51,401.46,401.46,226.65,0.5646,0.0222,True,True,True,0.4099,1946-1960,D,True,plurifamiliare,muratura portante,3,0.8799999999999999,51.0,0,upper
127.46,79.94,79.94,333.55,333.55,194.84,0.5841,0.0251,True,True,True,0.2638,1946-1960,D,True,plurifamiliare,muratura portante,3,0.9633333333333333,58.8,0,upper
550.71,790.0,790.0,3490.22,3490.22,2336.98,0.6696,0.0501,True,True,True,0.9356,1961-1975,D,False,monofamiliare,c.a. con chiusure continue in vetro,4,0.7066666666666667,120.59,0,upper
96.4,47.33,47.33,236.0,236.0,185.33,0.7853,0.0264,True,True,True,0.14,before 1930,D,False,plurifamiliare,muratura portante,4,0.42,14.200000000000001,0,ground
150.93,48.36,48.36,251.95,251.95,189.01,0.7502,0.0458,True,True,False,0.14,before 1930,D,False,plurifamiliare,muratura portante,3,0.4533333333333333,12.75,0,ground
102.45,107.78,107.78,396.23,396.23,145.46,0.3671,0.012,True,True,True,0.3408,1961-1975,D,True,blocco,c.a. con laterizi,3,0.91,46.1,0,upper
158.05,61.76,57.78,262.37,245.46,138.25,0.5269,0.1225,True,True,True,0.1163,after 2007,D,False,blocco,c.a. con laterizi,4,0.5175,121.16,0,ground
333.77,791.49,285.22,4991.07,1738.14,1989.14,0.3985,0.0556,True,True,True,1.7926,1992-2005,E,False,piastra,c.a. con chiusure in pannelli prefabbricati,4,0.6033333333333334,58.09,0,ground
164.01,58.88,47.99,258.57,210.74,160.65,0.6213,0.1632,True,True,True,0.1163,after 2007,D,False,blocco,c.a. con laterizi,4,0.5175,121.09,0,ground
131.35,153.03,127.02,658.45,549.33,192.81,0.2928,0.0432,True,True,True,0.0068,1961-1975,D,True,monofamiliare,muratura portante,4,0.8375,64.18,0,upper
228.51,57.59,57.59,252.19,252.19,200.66,0.7957,0.0648,True,True,True,0.2866,after 2007,D,True,monofamiliare,muratura portante,3,0.7766666666666667,29.15,0,ground
250.85,79.82,18.07,302.0,69.52,216.96,0.7184,0.068,True,True,True,0.4311,1961-1975,D,True,blocco,c.a. con laterizi,3,0.7366666666666667,50.6,0,upper
133.99,93.02,48.55,438.64,225.53,167.41,0.3817,0.0891,True,True,True,0.0394,1961-1975,D,True,monofamiliare,muratura portante,3,0.8833333333333333,36.0,0,upper
390.06,224.6,224.6,1001.46,1001.46,960.21,0.9588,0.1182,True,True,True,0.0543,1992-2005,E,False,blocco,c.a. con chiusure in pannelli prefabbricati,4,0.6066666666666667,87.07,0,multi_floor
174.16,68.66,36.0,256.29,131.99,169.48,0.6613,0.0208,True,True,True,0.1667,1992-2005,D,True,plurifamiliare,c.a. con laterizi,3,0.7733333333333334,48.5,0,upper
132.27,72.39,72.39,273.71,273.71,70.81,0.2587,0.0224,True,True,True,0.1567,2006-2007,D,True,in linea,c.a. con laterizi,3,0.5833333333333334,51.6,0,ground
170.42,114.15,9.09,428.83,37.72,430.58,1.0041,0.0938,True,True,False,0.2054,1992-2005,D,False,torre,muratura portante,3,0.6,9.55,0,ground
107.18,60.36,60.36,186.86,186.86,78.66,0.421,0.0165,True,True,True,0.1605,after 2007,D,True,in linea,muratura portante,3,0.5766666666666667,53.5,0,upper
148.45,161.03,73.11,670.92,300.47,592.9,0.8837,0.0137,True,True,True,0.283,1986-1991,D,True,bifamiliare,c.a. con laterizi,3,0.7933333333333333,52.2,0,multi_floor
94.54,47.45,47.45,190.29,190.29,40.77,0.2143,0.0065,True,True,True,0.0296,before 1930,D,True,in linea,muratura portante,3,0.48666666666666664,11.4,0,upper
213.01,115.84,16.06,470.83,63.43,328.22,0.6971,0.0206,True,True,True,0.5376,1976-1985,D,True,bifamiliare,c.a. con laterizi,3,0.8233333333333333,31.5,0,upper
195.52,116.11,80.15,505.66,362.72,276.39,0.5466,0.0181,True,True,True,0.7042,before 1930,D,True,in linea,muratura portante,3,0.6833333333333332,31.200000000000003,0,multi_floor
176.61,60.0,60.0,223.86,223.87,155.26,0.6935,0.019,True,True,True,0.503,1961-1975,D,True,plurifamiliare,legno,3,0.7633333333333333,50.5,0,ground
14.1,189.01,189.01,952.13,952.13,644.64,0.6771,0.0194,True,True,True,0.0328,after 2007,D,True,monofamiliare,muratura portante,3,0.8833333333333333,67.1,0,multi_floor
194.27,75.07,75.07,280.09,280.1,138.94,0.496,0.0209,True,True,True,0.47,1961-1975,D,True,plurifamiliare,legno,3,0.7000000000000001,51.8,0,upper
160.16,93.01,93.01,324.2,324.2,124.61,0.3844,0.0384,True,True,True,0.2765,2006-2007,D,True,plurifamiliare,c.a. con laterizi,3,0.5033333333333333,49.4,0,upper
98.5,50.1,50.1,202.9,202.9,77.65,0.3827,0.014,True,True,True,0.5938,1946-1960,D,True,in linea,muratura portante,3,0.63,10.2,0,underground
208.91,58.35,58.35,216.51,216.51,145.88,0.6738,0.0836,True,True,True,0.6068,after 2007,D,True,plurifamiliare,c.a. con laterizi,3,0.9366666666666666,33.400000000000006,0,upper
72.81,105.58,105.58,316.74,316.74,239.14,0.755,0.0329,True,True,True,0.0074,1992-2005,D,True,plurifamiliare,c.a. con laterizi,3,0.93,28.8,0,upper
193.64,76.87,67.13,309.71,268.46,190.47,0.615,0.0475,True,True,True,0.5686,1961-1975,D,True,monofamiliare,muratura portante,3,0.7766666666666667,31.65,0,upper
142.14,55.49,55.49,218.77,218.77,188.25,0.8605,0.0213,True,True,True,0.3946,1976-1985,D,True,schiera,c.a. con laterizi,3,0.6533333333333333,16.599999999999998,0,multi_floor
63.48,921.85,175.17,4520.93,705.73,2053.61,0.4542,0.016,True,True,True,0.3571,after 2007,D,False,altro,c.a. con chiusure in pannelli prefabbricati,4,0.5725,46.1,1,multi_floor
63.64,776.63,776.63,5239.54,5239.54,1822.43,0.3478,0.0509,True,True,False,0.3171,after 2007,D,False,altro,c.a. con chiusure in pannelli prefabbricati,4,0.6133333333333333,177.15,0,ground
132.31,94.48,94.48,347.51,347.51,203.21,0.5848,0.089,True,True,True,0.2407,after 2007,E,False,plurifamiliare,c.a. con laterizi,3,0.64,44.7,0,ground
134.71,94.48,94.48,347.51,347.51,203.21,0.5848,0.081,True,True,True,0.2407,after 2007,E,False,plurifamiliare,c.a. con laterizi,3,0.64,44.7,0,ground
152.44,82.71,82.71,363.12,363.12,213.97,0.5892,0.0529,True,True,True,0.0393,1961-1975,D,False,torre,altro,4,0.5333333333333333,10.059999999999999,0,ground
269.78,844.97,844.97,6321.39,6321.39,2399.91,0.3796,0.0082,True,True,False,0.1385,after 2007,D,False,altro,c.a. con chiusure in pannelli prefabbricati,4,0.565,226.27,0,ground
127.26,197.16,197.16,717.56,717.56,638.44,0.8897,0.0217,True,True,True,0.2554,1992-2005,D,True,schiera,c.a. con laterizi,3,0.8333333333333334,61.63,0,multi_floor
137.09,118.16,95.25,394.58,313.46,274.93,0.6968,0.058,True,True,True,0.2041,1992-2005,D,True,in linea,c.a. con laterizi,3,0.93,51.5,0,upper
209.55,60.16,60.16,230.69,230.69,150.86,0.654,0.0851,True,True,True,0.1332,after 2007,D,True,plurifamiliare,c.a. con laterizi,3,0.61,52.82,0,multi_floor
251.72,39.05,34.68,137.13,121.8,117.52,0.857,0.1332,True,True,True,0.4197,1986-1991,D,True,blocco,c.a. con laterizi,3,0.84,47.3,0,ground
107.73,135.28,135.28,532.49,532.49,359.13,0.6744,0.0408,True,True,True,0.1288,1976-1985,D,True,plurifamiliare,c.a. con laterizi,3,0.8866666666666667,73.5,0,upper
378.95,37.67,15.63,174.53,72.0,195.89,1.1223,0.026,True,True,True,0.8911,before 1930,D,True,bifamiliare,muratura portante,3,0.6699999999999999,51.72,0,upper
188.91,32.78,32.78,124.61,124.61,125.49,1.007,0.0421,True,True,True,0.6155,1961-1975,D,True,blocco,c.a. con laterizi,3,0.6,8.2,0,ground
210.33,53.0,53.0,221.4,221.4,162.61,0.7344,0.0676,True,True,True,0.1271,1961-1975,D,True,plurifamiliare,muratura portante,3,0.65,51.5,0,upper
164.27,17.0,17.0,91.67,91.67,65.24,0.7117,0.1216,True,True,True,0.0482,before 1930,D,False,in linea,muratura portante,3,0.7033333333333333,5.35,1,ground
95.16,23.98,23.98,85.06,85.06,27.9,0.328,0.0172,True,True,True,0.0713,1986-1991,D,True,blocco,c.a. con laterizi,3,0.69,12.1,0,upper
52.4,156.41,156.41,748.02,748.02,495.81,0.6628,0.0336,True,True,True,0.0144,after 2007,D,True,bifamiliare,c.a. con laterizi,3,0.7733333333333333,73.05,0,upper
245.51,86.91,49.3,369.44,206.8,235.63,0.6378,0.0266,True,True,True,0.2574,1961-1975,D,True,in linea,muratura portante,3,0.7666666666666666,29.9,0,upper
109.06,55.4,55.4,192.11,192.11,100.7,0.5242,0.0473,True,True,True,0.1721,after 2007,E,True,plurifamiliare,c.a. con laterizi,3,0.6033333333333334,15.3,0,ground
102.09,61.54,61.54,210.47,210.47,99.81,0.4743,0.0425,True,True,True,0.1721,after 2007,E,True,plurifamiliare,c.a. con laterizi,3,0.6066666666666667,15.3,0,ground
80.21,160.0,160.0,627.28,627.28,363.4,0.5793,0.0163,True,True,True,0.5009,1976-1985,D,False,in linea,muratura portante,3,0.6699999999999999,14.0,0,ground
338.75,151.75,151.75,439.1,439.1,409.41,0.9323,0.0186,True,True,True,0.47,1961-1975,D,True,monofamiliare,legno,3,0.73,65.6,0,multi_floor
367.56,41.48,41.48,147.81,147.81,155.38,1.0512,0.095,True,True,True,0.6316,1976-1985,D,True,bifamiliare,c.a. con chiusure in pannelli prefabbricati,3,0.9366666666666666,49.46,0,ground
48.54,134.42,55.05,575.69,235.77,403.84,0.7015,0.0178,True,False,True,0.0166,1961-1975,E,True,bifamiliare,muratura portante,2,0.735,38.96,0,upper
172.0,103.42,103.42,681.99,681.99,322.87,0.4734,0.0324,True,True,True,0.0682,after 2007,D,True,schiera,c.a. con laterizi,3,0.75,32.3,0,multi_floor
185.14,189.1,189.1,824.92,824.92,381.95,0.463,0.1199,True,True,True,0.2087,1976-1985,E,False,altro,c.a. con laterizi,4,0.68,63.550000000000004,0,ground
82.4,82.12,82.12,309.66,309.66,230.7,0.745,0.0212,True,True,True,0.0037,1961-1975,E,True,plurifamiliare,muratura portante,3,0.5933333333333334,32.32,0,upper
80.73,47.6,47.6,193.64,193.64,128.94,0.6658,0.0,True,True,True,0.0053,1961-1975,E,True,plurifamiliare,muratura portante,3,0.65,31.7,0,ground
75.61,71.69,71.69,287.87,287.87,187.86,0.6526,0.01,True,True,True,0.0037,1961-1975,E,True,plurifamiliare,muratura portante,3,0.6266666666666666,31.7,0,ground
136.96,40.81,40.81,154.64,154.64,123.83,0.8008,0.0824,True,True,True,0.5938,1961-1975,D,True,in linea,c.a. con laterizi,3,0.66,6.6,0,ground
94.73,68.7,68.7,260.38,260.38,182.92,0.7025,0.0326,True,True,True,0.0636,1976-1985,D,True,plurifamiliare,c.a. con laterizi,3,0.6333333333333333,46.400000000000006,0,ground
201.41,65.65,24.96,252.78,97.99,202.77,0.8022,0.0359,True,True,True,0.1226,1992-2005,D,True,plurifamiliare,c.a. con laterizi,3,0.6266666666666666,51.5,0,upper
155.38,119.15,119.15,631.26,631.26,291.73,0.4621,0.0754,True,True,True,0.4582,1946-1960,D,False,blocco,c.a. con laterizi,3,0.51,92.3,0,ground
116.18,63.28,59.78,220.49,207.43,176.52,0.8006,0.0781,True,True,True,0.1603,1992-2005,D,True,corte,c.a. con laterizi,3,0.6966666666666667,16.0,0,upper
110.16,45.15,45.15,171.29,171.29,126.45,0.7382,0.0286,True,True,True,0.0636,1976-1985,D,True,plurifamiliare,c.a. con laterizi,3,0.59,44.6,0,ground
296.2,101.15,101.15,348.0,348.0,116.0,0.3333,0.0211,True,True,True,0.1996,1946-1960,D,True,torre,legno,3,0.7566666666666667,62.7,0,upper
219.79,88.9,88.9,366.6,366.6,112.8,0.3076,0.0054,True,True,True,0.136,1946-1960,D,True,torre,muratura portante,3,0.7633333333333333,52.2,0,upper
117.2,130.71,130.71,520.43,520.43,319.95,0.6148,0.1299,True,True,False,0.0951,after 2007,D,False,plurifamiliare,c.a. con laterizi,2,0.775,22.0,0,ground
135.55,101.36,101.36,356.24,356.24,62.34,0.175,0.0051,True,True,True,0.14,2006-2007,D,False,blocco,c.a. con laterizi,4,0.7999999999999999,29.73,0,upper
456.39,47.71,47.71,132.74,132.74,130.26,0.9814,0.1131,True,True,True,2.674,1976-1985,D,True,monofamiliare,altro,3,0.7066666666666667,25.82,0,ground
47.59,46.3,46.3,201.14,201.14,144.15,0.7167,0.0151,True,True,True,0.0936,1930-1945,D,True,plurifamiliare,muratura portante,3,0.71,6.7,0,ground
47.26,44.89,44.89,191.88,191.88,130.01,0.6776,0.0191,True,True,True,0.0072,1930-1945,D,True,plurifamiliare,muratura portante,3,0.73,6.7,0,ground
183.63,50.16,50.16,196.8,196.8,136.53,0.6938,0.0217,True,True,True,0.3221,1976-1985,D,True,blocco,c.a. con laterizi,3,0.59,7.95,0,multi_floor
186.07,75.88,16.73,268.05,58.54,200.53,0.7481,0.0216,True,True,True,0.4066,1930-1945,D,True,in linea,muratura portante,3,0.58,26.2,0,upper
125.03,177.34,177.34,645.92,645.92,399.75,0.6189,0.0264,True,True,True,0.0497,1986-1991,D,True,monofamiliare,c.a. con laterizi,3,0.9899999999999999,65.5,0,multi_floor
175.01,214.79,214.79,798.33,798.33,439.32,0.5503,0.0597,True,True,True,0.0091,before 1930,D,True,bifamiliare,muratura portante,3,0.8300000000000001,61.1,0,ground
117.41,59.68,59.68,353.54,353.54,228.94,0.6476,0.061,True,False,True,0.0661,after 2007,D,True,monofamiliare,muratura portante,2,0.785,48.0,0,unknown
154.42,90.63,50.15,338.0,188.46,242.2,0.7166,0.0585,True,True,True,0.1855,1992-2005,D,True,in linea,muratura portante,3,0.7799999999999999,37.5,0,upper
452.75,94.25,94.25,346.0,346.0,316.41,0.9145,0.0891,True,False,True,0.454,1976-1985,E,True,monofamiliare,muratura portante,2,0.73,47.84,0,upper
604.42,66.34,66.34,294.59,294.59,176.53,0.5993,0.0599,True,True,True,0.0807,1992-2005,D,False,in linea,c.a. con laterizi,4,0.89,60.18,0,ground
186.84,82.74,82.74,311.29,311.29,339.13,1.0895,0.1512,True,True,False,0.5244,1986-1991,D,False,monofamiliare,muratura portante,2,0.745,7.9,0,upper
118.73,116.02,116.02,391.2,391.2,89.35,0.2284,0.0712,True,True,True,0.4227,1961-1975,D,True,schiera,muratura portante,3,0.8266666666666667,53.1,0,upper
241.63,79.59,79.59,300.0,300.0,163.19,0.544,0.0793,True,True,True,0.1647,1976-1985,D,False,plurifamiliare,muratura portante,4,0.87,26.55,0,ground
125.33,49.2,49.2,192.0,192.0,111.45,0.5805,0.0744,True,True,True,0.0476,1986-1991,D,True,plurifamiliare,c.a. con laterizi,3,0.6966666666666667,53.45,0,upper
189.88,81.11,81.11,321.15,321.15,213.31,0.6642,0.0903,True,True,True,0.6799,1961-1975,D,True,in linea,c.a. con laterizi,3,0.8666666666666667,37.4,0,upper
150.03,78.7,11.25,298.19,36.56,199.16,0.6679,0.0702,True,True,True,0.5269,1961-1975,D,True,in linea,c.a. con laterizi,3,0.5566666666666666,33.1,0,upper
103.91,104.87,104.87,340.5,340.5,66.63,0.1957,0.0247,True,True,True,0.5412,1961-1975,D,True,in linea,c.a. con laterizi,3,0.7233333333333333,50.5,0,upper
126.55,71.35,71.35,243.61,243.61,107.81,0.4425,0.0092,True,True,True,0.8521,1986-1991,D,True,torre,c.a. con laterizi,3,0.8466666666666667,146.7,0,ground
177.45,52.0,52.0,186.0,186.0,122.05,0.6562,0.0894,True,True,True,0.096,after 2007,D,True,monofamiliare,muratura portante,3,0.5733333333333334,7.9,0,ground
314.74,61.2,61.2,231.78,231.78,206.86,0.8925,0.037,True,True,False,0.2874,1946-1960,D,False,plurifamiliare,muratura portante,3,0.835,10.690000000000001,0,ground
133.62,96.93,96.93,387.13,387.13,186.36,0.4814,0.019,True,True,True,0.4658,1961-1975,D,True,blocco,c.a. con laterizi,3,0.9433333333333334,52.0,0,upper
156.14,73.11,73.11,283.76,283.76,224.95,0.7927,0.0235,True,True,True,0.3237,1961-1975,D,False,bifamiliare,prefabbricata in c.a.,4,0.5933333333333334,7.23,0,ground
92.03,63.75,63.75,237.41,237.41,147.19,0.62,0.03,True,True,True,0.3157,1946-1960,D,True,in linea,c.a. con laterizi,3,0.6866666666666666,22.470000000000002,0,upper
33.9,100.05,100.05,539.23,539.23,443.66,0.8228,0.0218,True,True,True,0.061,after 2007,D,True,monofamiliare,c.a. con laterizi,3,0.9700000000000001,23.5,0,ground
104.45,92.16,46.66,364.05,182.21,241.39,0.6631,0.0333,True,True,True,0.5162,1961-1975,D,True,monofamiliare,muratura portante,3,0.8066666666666666,29.2,0,upper
41.61,87.74,35.58,394.42,161.99,149.47,0.379,0.0232,True,True,True,0.0069,1946-1960,D,True,monofamiliare,muratura portante,3,0.9100000000000001,31.43,0,upper
74.76,95.0,95.0,389.59,389.59,267.55,0.6867,0.0205,True,True,True,0.0151,1946-1960,D,True,monofamiliare,muratura portante,3,0.6666666666666666,26.0,0,upper
105.94,92.64,92.64,349.44,349.44,240.61,0.6886,0.0208,True,True,True,0.1283,1986-1991,D,True,in linea,c.a. con laterizi,3,0.7166666666666667,31.32,0,upper
107.21,89.5,89.5,337.7,337.7,93.03,0.2755,0.0297,True,True,True,0.4285,1986-1991,D,True,plurifamiliare,c.a. con laterizi,3,0.6733333333333333,36.7,0,upper
77.97,71.15,71.15,250.49,250.49,45.42,0.1813,0.0361,True,True,True,0.0394,before 1930,D,True,in linea,muratura portante,3,0.6833333333333332,53.5,0,upper
119.88,105.98,105.98,404.23,404.23,249.28,0.6167,0.0738,True,True,True,0.1809,1986-1991,D,True,plurifamiliare,muratura portante,3,0.7633333333333333,30.7,0,multi_floor
175.91,95.0,95.0,315.15,315.15,283.13,0.8984,0.024,True,True,True,0.4171,1992-2005,D,True,schiera,c.a. con laterizi,3,0.6866666666666666,57.0,0,ground
221.46,36.08,36.08,138.26,138.26,113.68,0.8222,0.0681,True,True,True,0.0022,2006-2007,E,True,plurifamiliare,c.a. con laterizi,3,0.6266666666666666,53.84,0,multi_floor
139.01,667.92,667.92,3762.45,3762.45,1024.1,0.2722,0.041,True,True,True,0.1385,1992-2005,D,False,altro,prefabbricata in c.a.,4,0.87,88.2,0,ground
104.4,284.79,284.79,1045.7,1045.7,855.71,0.8183,0.0197,True,True,True,0.1076,1986-1991,D,False,altro,c.a. con chiusure in pannelli prefabbricati,4,0.5133333333333333,70.67,0,upper
162.5,67.15,67.15,236.92,236.92,150.77,0.6364,0.0506,True,True,True,0.7314,1930-1945,D,True,in linea,muratura portante,3,0.7166666666666667,4.5,1,ground
168.43,96.67,96.67,358.96,358.96,131.98,0.3677,0.0279,True,True,True,0.5899,1961-1975,D,True,in linea,c.a. con laterizi,3,0.6666666666666666,29.94,0,upper
214.86,143.71,143.71,656.66,656.66,314.17,0.4784,0.0384,True,True,True,1.0143,before 1930,D,True,plurifamiliare,muratura portante,3,0.6933333333333334,30.8,0,multi_floor
263.69,38.66,38.66,149.27,149.27,108.55,0.7272,0.0792,True,True,True,0.6645,1992-2005,D,True,plurifamiliare,c.a. con laterizi,3,0.6866666666666666,32.6,0,ground
204.86,95.92,10.49,354.3,39.91,257.42,0.7266,0.0588,True,True,True,0.4701,1961-1975,D,True,plurifamiliare,muratura portante,3,0.49,28.35,0,upper
132.83,90.3,90.3,397.25,397.25,195.96,0.4933,0.04,True,True,True,0.1361,1946-1960,D,False,schiera,muratura portante,4,0.6333333333333333,9.6,0,ground
165.6,32.15,32.15,99.17,99.17,21.36,0.2153,0.0127,True,True,True,0.5412,1930-1945,D,True,in linea,muratura portante,3,0.48,50.5,0,upper
145.59,173.87,173.87,543.94,543.94,119.17,0.2191,0.0129,True,True,True,0.5716,1992-2005,D,True,plurifamiliare,c.a. con laterizi,3,0.71,62.25,0,multi_floor
155.97,167.94,38.2,605.79,145.02,410.76,0.678,0.041,True,True,True,0.5987,1986-1991,D,True,plurifamiliare,c.a. con laterizi,3,0.7399999999999999,50.45,0,multi_floor
136.11,92.12,92.12,339.87,339.87,179.31,0.5276,0.079,True,True,True,0.2407,after 2007,E,False,plurifamiliare,c.a. con laterizi,3,0.61,54.2,0,ground
173.74,69.9,69.9,257.73,257.73,123.0,0.4772,0.0473,True,True,True,0.14,1946-1960,D,True,corte,c.a. con laterizi,3,0.8133333333333335,29.21,0,upper
102.91,118.71,118.71,457.09,457.09,145.21,0.3177,0.0148,True,True,True,0.3871,1946-1960,D,True,blocco,c.a. con laterizi,3,0.8033333333333333,61.3,0,upper
280.48,116.41,116.41,475.11,475.11,321.32,0.6763,0.0792,True,True,True,0.6694,1930-1945,D,True,bifamiliare,muratura portante,3,0.9,51.15,0,multi_floor
40.94,44.95,44.95,236.71,236.71,102.05,0.4311,0.0164,True,False,True,0.1611,1946-1960,E,True,plurifamiliare,muratura portante,2,0.605,27.2,0,upper
68.63,108.1,108.1,465.25,465.25,291.87,0.6273,0.014,True,False,True,0.1055,1946-1960,E,False,plurifamiliare,muratura portante,3,0.4033333333333333,27.54,0,multi_floor
62.88,56.18,56.18,228.35,228.35,140.35,0.6146,0.0048,True,False,True,0.8826,1946-1960,E,False,plurifamiliare,muratura portante,2,0.605,27.2,0,ground
295.13,98.81,16.07,398.81,66.31,285.87,0.7168,0.0799,True,True,True,0.6097,1976-1985,D,True,plurifamiliare,c.a. con laterizi,3,0.6,53.519999999999996,0,upper
195.88,58.73,58.73,218.73,218.73,158.48,0.7246,0.0211,True,True,True,0.2109,2006-2007,D,True,corte,c.a. con laterizi,3,0.63,36.74,0,ground
75.18,102.05,87.35,405.44,347.5,142.27,0.3509,0.0056,True,True,True,0.5564,1961-1975,D,True,plurifamiliare,c.a. con laterizi,3,0.77,64.7,0,upper
170.71,38.0,38.0,139.35,139.35,128.79,0.9242,0.0906,True,True,True,0.6613,after 2007,D,True,in linea,muratura portante,3,0.6233333333333333,8.4,0,ground
189.06,55.0,55.0,196.5,196.5,143.76,0.7316,0.0357,True,True,True,0.0866,1992-2005,D,True,monofamiliare,muratura portante,3,0.7366666666666667,55.0,0,upper
343.52,82.0,82.0,323.09,323.09,219.31,0.6788,0.1913,True,True,True,0.7727,1992-2005,D,False,monofamiliare,muratura portante,4,0.8533333333333334,17.939999999999998,0,upper
182.11,99.2,99.2,356.99,356.99,248.27,0.6955,0.0659,True,True,True,0.7064,1986-1991,E,False,altro,prefabbricata in c.a.,3,0.5466666666666666,19.06,0,ground
294.81,79.76,39.46,351.46,173.63,289.49,0.8237,0.0702,True,True,True,0.1659,1946-1960,E,True,plurifamiliare,muratura portante,3,0.7866666666666666,43.0,0,upper
117.88,84.15,84.15,337.27,337.27,118.51,0.3514,0.0624,True,True,True,0.1623,1961-1975,D,True,plurifamiliare,c.a. con laterizi,3,0.6566666666666666,53.0,0,upper
389.32,168.43,168.43,1008.41,1008.41,292.2,0.2898,0.1324,True,True,False,0.448,1986-1991,D,False,in linea,c.a. con chiusure in pannelli prefabbricati,3,0.29333333333333333,15.24,0,ground
515.57,183.04,50.96,825.64,161.69,336.84,0.408,0.1523,True,True,True,0.614,1986-1991,D,False,in linea,c.a. con chiusure in pannelli prefabbricati,4,0.28,31.13,0,multi_floor
234.4,22.23,22.23,87.38,87.38,63.09,0.722,0.0331,True,True,True,0.7127,1992-2005,D,True,blocco,c.a. con laterizi,3,0.5066666666666667,6.2,0,upper
67.59,184.76,184.76,674.18,674.18,247.31,0.3668,0.0089,True,True,True,0.2278,1946-1960,D,True,in linea,muratura portante,3,0.98,39.79,0,multi_floor
109.39,697.15,697.15,3056.14,3056.14,1595.77,0.5222,0.0892,True,True,True,0.062,1976-1985,D,False,blocco,c.a. con chiusure in pannelli prefabbricati,4,0.8233333333333334,88.42,0,multi_floor
241.89,54.0,54.0,201.48,201.48,96.26,0.4777,0.0327,True,True,True,0.541,1961-1975,D,True,plurifamiliare,legno,3,0.7200000000000001,52.0,0,upper
121.35,28.11,28.11,135.64,135.64,123.26,0.9087,0.0253,True,True,True,0.14,before 1930,D,True,plurifamiliare,muratura portante,3,0.5466666666666666,23.65,0,upper
136.11,92.12,92.12,339.87,339.87,179.31,0.5276,0.079,True,True,True,0.2407,after 2007,E,False,plurifamiliare,c.a. con laterizi,3,0.61,54.2,0,ground
155.51,50.0,50.0,172.42,172.42,103.55,0.6005,0.0135,True,True,True,0.121,1946-1960,D,True,in linea,muratura portante,3,0.9133333333333334,50.8,0,upper
241.31,57.75,57.75,261.33,261.33,202.2,0.7737,0.0,True,False,False,0.1248,1930-1945,D,False,in linea,muratura portante,2,0.365,0.28,1,ground
223.67,42.01,42.01,187.2,187.2,141.5,0.7559,0.0033,True,True,True,0.2919,1961-1975,D,True,plurifamiliare,c.a. con laterizi,3,0.34,9.6,0,ground
143.66,104.58,104.58,367.34,367.34,285.57,0.7774,0.0424,True,True,True,0.6079,1992-2005,D,True,plurifamiliare,c.a. con laterizi,3,0.9133333333333334,27.5,0,ground
98.71,85.11,85.11,302.12,302.12,131.32,0.4347,0.0491,True,True,True,0.1137,1992-2005,D,True,plurifamiliare,c.a. con laterizi,3,0.82,31.7,0,upper
119.97,125.08,125.08,461.93,461.93,135.0,0.2923,0.0163,True,True,True,0.5367,1961-1975,D,True,plurifamiliare,c.a. con laterizi,3,0.6633333333333333,69.8,0,upper
246.05,63.5,63.5,238.24,238.24,210.3,0.8827,0.1391,True,True,True,0.4365,1976-1985,D,False,in linea,c.a. con laterizi,3,0.5966666666666667,13.5,0,ground
256.06,41.8,41.8,163.02,163.02,114.5,0.7024,0.0331,True,True,True,0.4701,1946-1960,D,True,plurifamiliare,muratura portante,3,0.7233333333333333,28.4,0,upper
255.12,33.0,33.0,89.1,89.1,49.0,0.5499,0.088,True,True,True,0.6596,1986-1991,D,True,plurifamiliare,c.a. con laterizi,3,0.41333333333333333,7.8,0,upper
112.65,145.45,30.6,538.0,116.47,374.11,0.6954,0.0373,True,True,True,0.1304,1992-2005,D,True,in linea,c.a. con laterizi,3,0.63,28.6,0,multi_floor
105.32,81.28,50.43,317.59,193.38,99.44,0.3131,0.061,True,True,True,0.1089,1930-1945,D,True,monofamiliare,muratura portante,3,0.66,41.1,0,upper
107.07,84.76,84.76,303.4,303.4,72.14,0.2378,0.0267,True,True,True,0.1237,1976-1985,E,True,plurifamiliare,c.a. con laterizi,3,0.45999999999999996,34.7,0,upper
105.48,76.52,76.52,268.72,268.72,73.21,0.2724,0.0482,True,True,True,0.1777,2006-2007,D,True,in linea,muratura portante,3,0.7933333333333333,35.9,0,upper
199.33,53.7,53.7,219.12,219.12,114.35,0.5218,0.1269,True,True,True,0.1271,1992-2005,D,False,in linea,muratura portante,3,0.6366666666666667,57.7,0,multi_floor
313.97,130.34,130.34,274.24,274.24,348.67,1.2714,0.0586,True,True,True,0.1939,1976-1985,D,True,monofamiliare,c.a. con laterizi,3,0.7866666666666666,57.400000000000006,0,multi_floor
37.1,146.19,146.19,549.13,549.13,153.87,0.2802,0.028,True,True,True,0.0777,1976-1985,D,True,plurifamiliare,c.a. con laterizi,3,0.9466666666666667,46.6,0,upper
213.17,493.29,493.29,1911.28,1911.28,555.34,0.2906,0.0799,True,True,True,0.1605,1946-1960,D,False,monofamiliare,mista (c.a. + laterizi),4,0.5833333333333334,66.67,0,upper
117.92,44.67,44.67,168.06,168.06,105.77,0.6293,0.0708,True,True,True,0.1143,after 2007,D,True,torre,c.a. con laterizi,3,0.7566666666666667,31.509999999999998,0,upper
342.92,16.16,16.16,78.0,78.0,93.78,1.2022,0.1424,True,True,True,0.5485,1976-1985,D,False,plurifamiliare,c.a. con laterizi,4,0.43,5.75,0,ground
110.85,44.87,44.87,157.87,157.87,57.88,0.3666,0.0708,True,True,True,0.03,after 2007,D,True,torre,c.a. con laterizi,3,0.75,31.509999999999998,0,ground
130.43,36.38,36.38,141.99,141.99,113.61,0.8001,0.0793,True,True,True,0.1135,after 2007,D,True,torre,c.a. con laterizi,3,0.7733333333333333,31.509999999999998,0,upper
114.85,45.73,45.73,171.76,171.76,107.43,0.6255,0.0694,True,True,True,0.0998,after 2007,D,True,torre,c.a. con laterizi,3,0.7533333333333333,31.509999999999998,0,upper
140.76,36.13,36.13,141.06,141.06,113.0,0.8011,0.0795,True,True,True,0.1139,after 2007,D,True,torre,c.a. con laterizi,3,0.7766666666666667,31.509999999999998,0,upper
208.71,100.94,100.94,363.0,363.0,355.0,0.978,0.1394,True,False,True,0.6045,1976-1985,D,True,monofamiliare,c.a. con laterizi,2,0.7,58.4,0,upper
165.36,68.53,32.62,271.18,126.78,178.19,0.6571,0.0292,True,True,True,0.2216,1992-2005,D,True,in linea,c.a. con laterizi,3,0.65,25.6,0,ground
406.91,149.08,149.08,756.24,756.24,207.59,0.2745,0.0788,True,True,False,0.0646,before 1930,D,True,plurifamiliare,muratura portante,3,0.3499999999999999,17.2,0,multi_floor
276.55,2477.12,519.34,14750.89,1752.96,5580.51,0.3783,0.0366,True,True,False,1.1291,1992-2005,D,False,monofamiliare,prefabbricata in c.a.,2,0.975,54.4,0,multi_floor
124.3,48.75,48.75,186.03,186.03,146.3,0.7865,0.0227,True,True,True,0.1848,1976-1985,D,True,schiera,muratura portante,3,0.64,10.0,0,ground
209.93,116.46,116.46,475.16,475.16,276.2,0.5813,0.1611,True,True,True,0.5947,1992-2005,D,False,in linea,c.a. con laterizi,4,0.5475,28.299999999999997,0,ground
199.7,96.37,96.37,342.94,342.94,186.62,0.5442,0.0453,True,True,True,0.5412,1961-1975,D,True,in linea,c.a. con laterizi,3,0.8066666666666666,50.5,0,upper
205.46,73.9,73.9,329.67,329.67,97.83,0.2968,0.0144,True,True,True,2.164,1992-2005,E,False,in linea,muratura portante,3,0.5433333333333333,40.0,0,ground
183.33,67.97,46.26,260.98,178.05,114.18,0.4375,0.0389,True,True,True,0.1471,1930-1945,D,True,plurifamiliare,muratura portante,3,0.61,30.92,0,upper
176.68,605.0,605.0,2880.0,2880.0,1562.04,0.5424,0.0368,True,True,True,0.3905,1986-1991,D,False,altro,altro,5,0.382,147.4,0,ground
200.27,96.0,96.0,337.8,337.8,237.02,0.7017,0.0269,True,True,True,0.5711,1992-2005,D,True,plurifamiliare,c.a. con laterizi,3,0.7400000000000001,22.47,0,upper
63.19,101.56,101.56,350.99,350.99,93.9,0.2675,0.008,True,True,True,0.1954,1992-2005,D,True,blocco,c.a. con laterizi,3,0.7999999999999999,51.71,0,upper
240.88,93.65,38.9,368.44,149.5,256.6,0.6965,0.0549,True,True,True,0.3482,1992-2005,D,True,blocco,c.a. con laterizi,3,0.57,33.9,0,upper
197.58,73.98,73.98,235.85,235.85,182.52,0.7739,0.1007,True,True,True,0.1588,2006-2007,D,True,plurifamiliare,c.a. con laterizi,3,0.5466666666666667,27.82,0,ground
80.69,84.07,84.07,375.98,375.98,200.07,0.5321,0.0757,True,False,True,0.0878,after 2007,D,True,in linea,c.a. con laterizi,2,0.77,51.2,0,upper
220.05,131.57,131.57,456.19,456.19,297.64,0.6524,0.0481,True,True,True,0.432,1976-1985,D,True,plurifamiliare,mista (c.a. + laterizi),3,0.5233333333333333,64.0,0,upper
270.07,100.77,100.77,391.45,391.45,274.94,0.7024,0.0692,True,True,True,0.4884,1961-1975,E,True,bifamiliare,muratura portante,3,0.7433333333333333,52.1,0,multi_floor
372.87,573.0,573.0,4870.5,4870.5,1771.6,0.3637,0.0527,True,True,False,0.5262,1976-1985,D,False,altro,c.a. con chiusure in pannelli prefabbricati,3,0.71,8.379999999999999,0,ground
129.15,1158.45,1015.76,6095.77,5337.57,2221.29,0.3644,0.0574,True,True,True,0.3812,1961-1975,D,False,blocco,c.a. con laterizi,4,0.7133333333333333,52.06,0,unknown
205.16,492.07,492.07,2239.39,2239.39,1048.06,0.468,0.0408,True,True,True,0.7602,1992-2005,D,False,altro,c.a. con chiusure in pannelli prefabbricati,4,0.7166666666666667,40.4,0,multi_floor
249.05,49.93,49.93,184.35,184.35,140.96,0.7647,0.0557,True,True,True,0.7543,1930-1945,D,True,altro,muratura portante,3,0.6,50.5,0,upper
114.54,137.12,137.12,486.29,486.29,118.78,0.2443,0.0729,True,True,True,0.0768,after 2007,D,False,blocco,prefabbricata in c.a.,4,0.45999999999999996,72.8,0,upper
117.71,342.33,342.33,1183.56,1183.56,244.3,0.2064,0.0995,True,True,True,0.0768,after 2007,D,False,blocco,prefabbricata in c.a.,4,0.5075000000000001,145.6,0,upper
198.25,92.02,92.02,340.18,340.18,117.28,0.3448,0.0215,True,True,True,0.6381,1976-1985,D,True,plurifamiliare,c.a. con laterizi,3,0.71,53.0,0,upper
323.08,43.85,43.85,180.8,180.8,122.78,0.6791,0.0804,True,True,True,0.3818,1992-2005,D,True,in linea,c.a. con laterizi,3,0.61,24.12,0,ground
103.07,67.7,67.7,266.83,266.83,41.25,0.1546,0.0079,True,True,True,0.1052,before 1930,D,True,plurifamiliare,muratura portante,3,0.58,55.6,0,multi_floor
141.31,56.14,56.14,207.03,207.03,116.48,0.5626,0.0213,True,True,True,0.13,after 2007,D,True,plurifamiliare,c.a. con laterizi,3,0.6166666666666667,32.2,0,upper
147.19,107.81,107.81,403.26,403.26,128.55,0.3188,0.0164,True,True,True,0.6327,1961-1975,D,True,plurifamiliare,c.a. con laterizi,3,0.56,50.5,0,upper
110.36,422.88,237.43,1567.83,887.33,1221.07,0.7788,0.0082,True,True,True,0.6456,1976-1985,D,False,monofamiliare,c.a. con laterizi,5,0.5740000000000001,100.61,0,ground
127.95,254.01,254.01,974.85,974.85,258.06,0.2647,0.0383,True,True,True,0.7117,1992-2005,D,False,blocco,c.a. con laterizi,4,0.76,67.6,0,upper
85.15,975.84,975.84,6676.04,6676.04,2411.6,0.3612,0.0943,True,True,True,0.1745,after 2007,D,False,monofamiliare,muratura portante,4,0.9175,112.81,0,ground
199.81,37.12,37.12,156.21,156.21,94.05,0.6021,0.0468,True,True,False,0.6524,1976-1985,D,False,plurifamiliare,c.a. con laterizi,3,0.5733333333333334,10.4,0,ground
117.59,105.37,105.37,296.34,296.34,187.26,0.6319,0.0614,True,True,True,0.1411,1961-1975,D,True,plurifamiliare,c.a. con laterizi,3,0.7999999999999999,32.44,0,multi_floor
82.96,101.65,71.8,393.58,276.88,148.54,0.3774,0.0197,True,True,True,0.0354,1946-1960,D,True,monofamiliare,c.a. con laterizi,3,0.5,42.35,0,upper
56.43,244.6,244.6,1100.94,1100.94,711.64,0.6464,0.0279,True,True,False,1.2218,1946-1960,D,False,in linea,muratura portante,2,0.69,25.0,0,ground
410.47,468.0,468.0,1484.44,1484.44,1049.36,0.7069,0.1971,True,True,True,0.9356,1992-2005,D,False,blocco,c.a. con chiusure in pannelli prefabbricati,4,0.9633333333333335,37.15,0,multi_floor
329.09,10.0,10.0,44.93,44.93,35.21,0.7838,0.3736,True,True,True,1.0531,1961-1975,E,False,blocco,muratura portante,3,0.6233333333333334,7.0,0,ground
100.92,81.57,81.57,293.94,293.94,196.5,0.6685,0.0246,True,True,True,0.6482,1992-2005,D,True,plurifamiliare,c.a. con laterizi,3,0.9833333333333334,46.6,0,ground
163.93,38.43,38.43,114.99,114.99,154.94,1.3474,0.0188,True,True,False,2.1007,1992-2005,E,True,monofamiliare,legno,2,0.22,7.15,0,ground
188.97,61.7,61.7,235.62,235.62,128.6,0.5458,0.0768,True,True,True,0.37,1992-2005,E,False,schiera,c.a. con laterizi,3,0.26666666666666666,9.48,0,ground
142.58,116.12,116.12,443.96,443.96,289.47,0.652,0.0633,True,True,True,0.5496,1986-1991,D,True,blocco,c.a. con laterizi,3,0.7633333333333333,52.699999999999996,0,upper
357.12,106.56,106.56,572.97,572.97,437.21,0.7631,0.1516,True,True,True,0.7402,1961-1975,D,True,bifamiliare,c.a. con laterizi,3,0.62,34.51,0,multi_floor
169.32,164.88,159.58,562.45,541.82,149.89,0.2665,0.0305,True,True,True,0.417,1930-1945,D,False,in linea,muratura portante,4,0.51,45.169999999999995,0,upper
150.64,87.23,87.23,326.74,326.74,223.88,0.6852,0.0707,True,True,True,0.2019,after 2007,D,True,plurifamiliare,c.a. con laterizi,3,0.8033333333333333,38.7,0,multi_floor
390.83,79.5,79.5,315.01,315.01,325.1,1.032,0.1628,True,True,True,0.7937,1992-2005,D,False,bifamiliare,c.a. con laterizi,4,0.4625,53.25,0,ground
93.11,71.74,71.74,272.28,272.28,69.01,0.2534,0.0452,True,False,True,0.1376,1946-1960,D,True,altro,altro,2,0.6599999999999999,48.04,0,upper
183.16,73.14,73.14,269.47,269.47,197.04,0.7312,0.0878,True,True,True,0.3872,1976-1985,D,True,monofamiliare,muratura portante,3,0.7766666666666667,47.2,0,upper
107.61,102.12,46.99,398.83,181.99,157.11,0.3939,0.014,True,True,True,0.7255,1961-1975,D,True,plurifamiliare,c.a. con laterizi,3,0.7066666666666667,27.700000000000003,0,upper
181.02,74.3,74.3,296.11,296.11,222.41,0.7511,0.1294,True,True,True,0.905,1961-1975,D,True,plurifamiliare,c.a. con laterizi,3,0.8033333333333333,57.099999999999994,0,ground
182.25,33.44,33.44,206.64,206.64,111.35,0.5389,0.0454,True,True,True,0.0149,before 1930,E,False,in linea,muratura portante,4,0.5033333333333333,12.98,0,ground
298.63,596.28,596.28,2651.65,2651.65,1958.16,0.7385,0.0449,True,True,True,0.0276,after 2007,D,False,monofamiliare,muratura portante,5,0.43999999999999995,57.599999999999994,0,multi_floor
149.21,71.56,71.56,258.29,258.29,181.85,0.7041,0.0799,True,True,True,0.4516,1946-1960,D,True,in linea,c.a. con laterizi,3,0.7600000000000001,69.2,0,upper
241.14,809.61,128.71,3132.35,538.88,2057.97,0.657,0.0122,True,True,True,0.1747,1986-1991,D,False,monofamiliare,c.a. con laterizi,4,0.7766666666666667,74.69999999999999,0,unknown
189.88,384.17,384.17,1565.36,1565.36,768.59,0.491,0.0164,True,True,True,0.1325,1976-1985,D,False,altro,c.a. con laterizi,4,0.7333333333333334,39.0,0,multi_floor
84.83,137.66,137.66,516.4,516.4,434.03,0.8405,0.0133,True,True,True,0.3141,1946-1960,D,True,in linea,muratura portante,3,0.8666666666666667,49.0,0,multi_floor
163.32,103.53,73.7,366.16,257.96,117.19,0.3201,0.114,True,True,True,0.2095,1961-1975,D,True,plurifamiliare,c.a. con laterizi,3,0.5499999999999999,34.31,0,upper
168.83,74.33,74.33,287.7,287.7,207.06,0.7197,0.028,True,True,True,0.2042,after 2007,D,True,plurifamiliare,c.a. con laterizi,3,0.6900000000000001,33.2,0,upper
133.23,30.44,30.44,118.71,118.71,76.62,0.6455,0.049,True,True,True,0.016,1976-1985,D,True,schiera,c.a. con laterizi,3,0.9733333333333333,30.5,0,ground
275.38,60.69,60.69,228.24,228.24,152.9,0.6699,0.0619,True,True,True,0.1708,2006-2007,D,True,in linea,c.a. con laterizi,3,0.6233333333333333,34.8,0,ground
214.33,61.84,61.84,129.0,129.0,137.53,1.0661,0.0924,True,False,True,0.2349,1976-1985,D,True,in linea,c.a. con laterizi,2,0.695,47.98,0,ground
99.02,257.39,257.39,923.78,923.78,414.13,0.4483,0.0524,True,False,True,0.4232,1946-1960,D,True,plurifamiliare,muratura portante,2,0.45499999999999996,6.87,0,multi_floor
82.36,47.58,19.9,168.86,69.12,70.61,0.4182,0.1123,True,True,True,0.1754,after 2007,D,True,piastra,mista (altro),3,0.92,48.7,0,upper
220.24,38.83,38.83,154.82,154.82,114.22,0.7378,0.067,True,True,True,0.4477,1976-1985,D,True,in linea,c.a. con laterizi,3,0.5499999999999999,12.33,0,multi_floor
144.84,367.17,367.17,1135.33,1135.33,384.47,0.3386,0.0444,True,True,True,0.0559,1930-1945,D,False,in linea,muratura portante,4,0.5733333333333334,83.4,0,upper
195.91,55.65,55.65,202.0,202.0,49.41,0.2446,0.0379,True,True,True,0.4701,1986-1991,D,True,plurifamiliare,mista (c.a. + laterizi),3,0.4466666666666667,48.45,0,upper
122.71,111.38,67.11,433.7,256.23,139.19,0.3209,0.0587,True,True,True,0.4203,1976-1985,D,True,plurifamiliare,c.a. con laterizi,3,0.63,50.5,0,upper
631.83,75.51,67.29,354.19,307.39,163.57,0.4618,0.0697,True,True,True,0.7027,before 1930,D,False,in linea,muratura portante,4,0.8266666666666667,59.980000000000004,0,ground
134.33,66.05,66.05,246.24,246.24,86.05,0.3495,0.0626,True,True,True,0.1914,1992-2005,D,True,plurifamiliare,c.a. con laterizi,3,0.5966666666666667,30.490000000000002,0,upper
150.2,101.38,101.38,374.6,374.6,172.05,0.4593,0.0733,True,True,True,0.3959,2006-2007,D,True,plurifamiliare,c.a. con laterizi,3,0.7533333333333333,31.5,0,multi_floor
91.48,81.64,81.64,290.39,290.39,162.55,0.5598,0.0135,True,True,True,0.1966,after 2007,D,True,plurifamiliare,c.a. con laterizi,3,0.5133333333333333,36.3,0,ground
86.72,103.63,40.32,415.86,164.62,283.26,0.6811,0.0129,True,True,True,0.031,1976-1985,D,True,monofamiliare,muratura portante,3,0.7200000000000001,49.5,0,upper
40.61,103.63,13.93,397.48,48.12,150.01,0.3774,0.0145,True,True,True,0.0316,1976-1985,D,True,monofamiliare,muratura portante,3,0.6766666666666667,49.5,0,upper
45.2,103.81,46.57,397.7,174.37,151.16,0.3801,0.0123,True,True,True,0.0313,1976-1985,D,True,monofamiliare,muratura portante,3,0.7799999999999999,47.7,0,upper
55.4,103.34,46.1,432.95,189.75,290.34,0.6706,0.0154,True,True,True,0.0321,1976-1985,D,True,monofamiliare,muratura portante,3,0.7433333333333333,46.75,0,upper
143.5,496.45,496.45,1946.98,1946.98,891.24,0.4578,0.1706,True,True,True,0.1942,after 2007,D,False,bifamiliare,prefabbricata in c.a.,4,0.96,34.65,0,multi_floor
761.78,51.49,51.49,222.67,222.67,292.19,1.3122,0.0397,True,True,False,0.2823,1930-1945,D,False,in linea,muratura portante,2,0.66,47.4,0,ground
30.87,84.63,37.05,310.18,130.26,132.72,0.4279,0.0186,True,True,True,0.0045,2006-2007,D,True,monofamiliare,muratura portante,3,0.98,31.1,0,upper
32.31,82.14,34.46,301.61,121.32,129.02,0.4278,0.0195,True,True,True,0.0045,2006-2007,D,True,monofamiliare,muratura portante,3,1.0,31.090000000000003,0,upper
111.55,44.98,44.98,167.77,167.77,68.0,0.4053,0.0062,True,True,True,0.1438,after 2007,D,True,plurifamiliare,c.a. con laterizi,3,0.6866666666666666,33.71,0,upper
138.88,123.3,123.3,601.14,601.14,264.74,0.4404,0.0962,True,True,True,0.0394,before 1930,D,False,in linea,muratura portante,3,0.8066666666666666,58.5,0,upper
88.86,54.33,54.33,242.68,242.68,57.75,0.238,0.0248,True,True,True,0.0114,1930-1945,D,True,plurifamiliare,muratura portante,3,0.6266666666666666,8.4,1,upper
272.73,586.06,586.06,3363.48,3363.48,1442.74,0.4289,0.0381,True,True,False,0.1385,after 2007,D,False,altro,c.a. con chiusure in pannelli prefabbricati,4,0.76,128.21,0,multi_floor
101.03,62.9,62.9,292.82,292.82,257.87,0.8806,0.086,True,True,True,0.0178,1946-1960,D,True,plurifamiliare,c.a. con laterizi,3,0.9766666666666667,33.8,0,underground
294.68,78.34,78.34,402.29,402.29,350.23,0.8706,0.2096,True,True,True,0.8908,1961-1975,D,False,monofamiliare,c.a. con laterizi,3,0.53,56.0,0,ground
322.98,150.95,143.49,669.34,638.89,586.06,0.8756,0.088,True,True,True,0.5025,1961-1975,E,False,altro,c.a. con laterizi,4,0.66,33.190000000000005,0,multi_floor
101.03,62.9,62.9,292.82,292.82,257.87,0.8806,0.086,True,True,True,0.0178,1946-1960,D,True,plurifamiliare,c.a. con laterizi,3,0.9766666666666667,33.8,0,underground
181.22,77.82,77.82,302.5,302.5,116.07,0.3837,0.1114,True,True,True,2.2491,1961-1975,D,True,in linea,c.a. con laterizi,3,0.7999999999999999,60.81999999999999,0,upper
214.35,1631.57,1631.57,7054.83,7054.83,2571.61,0.3645,0.0133,True,False,True,0.2487,1961-1975,D,False,plurifamiliare,muratura portante,3,0.23666666666666666,271.85,0,multi_floor
142.56,512.34,512.34,1827.64,1827.64,789.4,0.4319,0.0246,True,True,True,0.1961,1961-1975,D,True,blocco,c.a. con chiusure in pannelli prefabbricati,3,0.6999999999999998,13.9,0,ground
195.07,94.39,94.39,428.24,428.24,252.08,0.5886,0.0829,True,True,False,0.3368,before 1930,D,False,corte,muratura portante,3,0.98,15.99,0,ground
158.37,174.6,174.6,842.8,842.8,111.6,0.1324,0.0259,True,True,True,0.1361,before 1930,E,False,in linea,muratura portante,4,0.68,21.02,0,ground
189.21,95.57,25.52,387.15,93.65,249.55,0.6446,0.0257,True,True,True,0.3627,before 1930,D,True,in linea,muratura portante,3,0.6766666666666666,50.1,0,multi_floor
166.11,76.84,76.84,306.9,306.9,120.18,0.3916,0.0319,True,False,True,0.2389,1946-1960,D,True,corte,c.a. con laterizi,2,0.73,42.74,0,upper
145.79,191.71,191.71,647.33,647.33,343.25,0.5303,0.0973,True,True,False,0.5463,1992-2005,D,False,blocco,c.a. con laterizi,3,0.835,31.22,0,upper
168.66,68.53,68.53,237.89,237.89,158.1,0.6646,0.0381,True,True,True,0.2653,before 1930,D,True,plurifamiliare,muratura portante,3,0.7366666666666667,31.7,0,ground
217.42,63.47,63.47,235.34,235.34,195.47,0.8306,0.0346,True,True,True,0.5091,before 1930,D,True,plurifamiliare,muratura portante,3,0.8033333333333333,31.7,0,upper
130.22,51.8,15.23,181.01,55.78,69.98,0.3866,0.0221,True,True,True,0.3727,1992-2005,D,True,in linea,c.a. con laterizi,3,0.5633333333333334,30.160000000000004,0,upper
339.3,105.03,81.67,427.7,332.69,404.3,0.9453,0.0569,True,True,True,0.5878,1976-1985,D,True,bifamiliare,muratura portante,3,0.8633333333333333,57.3,0,upper
165.87,75.67,29.22,276.17,103.02,100.58,0.3642,0.0552,True,True,True,0.1881,1976-1985,D,True,plurifamiliare,c.a. con laterizi,3,0.5366666666666667,19.130000000000003,0,upper
106.11,97.08,97.08,407.35,407.35,298.49,0.7328,0.0229,True,True,True,0.0323,1976-1985,D,True,plurifamiliare,c.a. con laterizi,3,0.58,51.11,0,upper
102.44,66.5,66.5,305.48,305.48,215.81,0.7065,0.0139,True,True,True,0.005,1961-1975,D,True,plurifamiliare,c.a. con laterizi,3,0.7799999999999999,50.6,0,ground
288.9,116.3,116.3,416.48,416.48,242.42,0.5821,0.0441,True,True,True,0.7498,1961-1975,D,True,plurifamiliare,c.a. con laterizi,3,0.8633333333333333,59.7,0,upper
85.66,69.7,69.7,312.93,312.93,221.51,0.7079,0.0203,True,True,True,0.023,1961-1975,D,True,plurifamiliare,c.a. con laterizi,3,0.89,51.2,0,upper
145.74,126.5,126.5,444.04,444.04,254.01,0.572,0.0972,True,True,True,0.5938,2006-2007,D,False,in linea,muratura portante,3,0.73,277.0,0,upper
195.9,104.0,104.0,372.78,372.78,171.67,0.4605,0.024,True,True,True,0.16,1986-1991,D,True,monofamiliare,muratura portante,3,0.6166666666666667,55.0,0,upper
56.34,520.44,520.44,1926.41,1926.41,157.25,0.0816,0.086,True,True,False,1.0246,1976-1985,E,False,monofamiliare,muratura portante,2,0.8600000000000001,65.0,0,ground
92.96,202.3,202.3,479.39,479.39,252.58,0.5269,0.058,True,True,True,0.1794,1986-1991,D,True,plurifamiliare,c.a. con laterizi,3,0.81,37.0,0,multi_floor
131.42,118.7,39.55,433.13,151.22,206.8,0.4774,0.0774,True,True,False,0.2225,before 1930,E,False,monofamiliare,muratura portante,2,1.0,13.57,0,multi_floor
226.19,88.62,88.62,359.98,359.98,313.16,0.8699,0.0081,True,True,True,0.5032,1961-1975,D,True,plurifamiliare,muratura portante,3,0.38999999999999996,59.7,0,underground
184.71,26.9,26.9,98.43,98.43,43.21,0.439,0.0502,True,True,True,0.4285,1976-1985,D,True,plurifamiliare,c.a. con laterizi,3,0.6766666666666666,48.8,0,upper
630.31,20.06,20.06,80.38,80.38,59.29,0.7376,0.1808,True,True,True,0.1361,1961-1975,D,False,plurifamiliare,muratura portante,4,0.39333333333333337,12.85,0,ground
215.83,102.84,43.28,402.67,172.32,316.97,0.7872,0.0541,True,True,True,0.1059,1961-1975,D,True,bifamiliare,muratura portante,3,0.79,33.5,0,ground
132.94,102.84,43.28,380.17,162.7,180.18,0.4739,0.0541,True,True,True,0.1059,1961-1975,D,True,bifamiliare,muratura portante,3,0.7533333333333333,40.4,0,upper
112.71,139.25,139.25,460.45,460.45,135.33,0.2939,0.051,True,True,True,0.6087,1961-1975,D,True,plurifamiliare,c.a. con laterizi,3,0.8166666666666668,9.5,0,upper
215.39,82.5,82.5,317.52,317.52,179.29,0.5646,0.0095,True,True,True,0.7548,1961-1975,D,True,plurifamiliare,c.a. con laterizi,3,0.9966666666666667,34.93,0,upper
162.77,47.43,47.43,281.49,281.49,249.8,0.8874,0.0128,True,True,True,0.1127,1961-1975,D,True,bifamiliare,c.a. con laterizi,3,0.9933333333333333,50.800000000000004,0,upper
277.8,42.57,42.57,172.4,172.4,92.17,0.5346,0.0063,True,True,True,0.4701,1961-1975,D,True,plurifamiliare,muratura portante,3,0.5,34.61,0,upper
167.34,63.81,28.43,235.74,102.47,150.79,0.6396,0.0626,True,True,True,0.1553,2006-2007,D,True,schiera,c.a. con laterizi,3,0.96,50.2,0,ground
290.68,85.2,85.2,325.1,325.1,202.07,0.6215,0.0115,True,True,True,0.136,1992-2005,D,True,schiera,legno,3,0.7466666666666667,55.0,0,multi_floor
207.25,85.32,56.75,253.8,151.72,193.2,0.7612,0.0409,True,True,True,0.5712,after 2007,D,True,plurifamiliare,c.a. con laterizi,3,0.5266666666666667,18.799999999999997,0,upper
157.07,65.1,65.1,251.1,251.1,108.0,0.4301,0.17,True,True,True,0.0613,after 2007,D,True,plurifamiliare,c.a. con laterizi,3,0.91,22.16,0,upper
13.35,202.58,202.58,924.84,924.84,623.62,0.6743,0.0178,True,True,True,0.389,1961-1975,E,True,monofamiliare,muratura portante,3,0.71,31.0,0,multi_floor
162.38,114.9,83.05,394.28,281.91,124.61,0.316,0.0562,True,True,True,0.3381,1976-1985,E,True,blocco,c.a. con laterizi,3,0.7433333333333333,53.7,0,ground
246.75,95.0,95.0,385.14,385.14,325.39,0.8449,0.0505,True,True,True,0.0687,1930-1945,D,True,bifamiliare,c.a. con laterizi,3,0.6766666666666666,25.810000000000002,0,upper
275.01,98.08,98.08,389.24,389.24,401.44,1.0314,0.0735,True,True,True,0.1858,1930-1945,D,True,bifamiliare,c.a. con laterizi,3,0.7166666666666667,25.810000000000002,0,upper
361.64,101.37,101.37,417.52,417.52,319.69,0.7657,0.0325,True,True,True,0.6292,1961-1975,D,False,plurifamiliare,c.a. con laterizi,4,0.47000000000000003,11.65,0,ground
196.24,74.0,74.0,272.0,272.0,214.7,0.7893,0.0327,True,True,True,0.0257,after 2007,D,True,torre,muratura portante,3,0.37666666666666665,35.0,0,ground
69.34,75.57,75.57,288.54,288.54,235.56,0.8164,0.0633,True,False,True,0.1339,after 2007,D,True,bifamiliare,c.a. con laterizi,2,0.76,48.26,0,upper
95.17,66.47,66.47,218.26,218.26,161.16,0.7384,0.0426,True,True,True,0.1297,1986-1991,D,True,plurifamiliare,c.a. con laterizi,3,0.9966666666666667,50.2,0,upper
144.42,206.27,147.05,698.12,490.03,598.89,0.8579,0.0494,True,True,True,0.2268,1992-2005,D,True,blocco,c.a. con laterizi,3,0.9333333333333332,63.2,0,multi_floor
172.95,88.24,15.09,325.31,52.72,203.62,0.6259,0.039,True,True,True,0.809,1986-1991,D,True,schiera,c.a. con laterizi,3,0.6566666666666666,30.630000000000003,0,multi_floor
233.6,81.05,81.05,331.31,331.31,228.4,0.6894,0.1597,True,True,True,0.089,1946-1960,D,False,schiera,muratura portante,3,0.7599999999999999,22.6,0,ground
110.01,84.53,84.53,332.13,332.13,219.29,0.6603,0.0399,True,True,True,0.2596,1961-1975,D,True,plurifamiliare,muratura portante,3,0.7066666666666667,31.35,0,ground
243.99,1475.3,474.78,11415.45,1722.33,4288.9,0.3757,0.1063,True,True,True,1.9967,1992-2005,D,False,altro,prefabbricata in c.a.,5,0.584,62.81,0,ground
103.54,168.27,168.27,585.99,585.99,332.8,0.5679,0.0357,True,True,True,0.2266,1992-2005,D,True,in linea,c.a. con laterizi,3,0.8866666666666667,52.800000000000004,0,multi_floor
84.42,54.26,20.01,215.94,77.73,49.46,0.229,0.0377,True,True,True,0.1495,after 2007,D,True,plurifamiliare,c.a. con laterizi,3,0.49,51.45,0,upper
277.36,294.64,281.36,1604.28,1550.0,914.77,0.5702,0.0952,True,True,True,0.4043,1961-1975,D,False,blocco,c.a. con laterizi,4,0.5800000000000001,26.269999999999996,0,multi_floor
73.65,93.38,93.38,327.52,327.52,94.2,0.2876,0.0579,True,True,True,0.1647,before 1930,D,True,in linea,muratura portante,3,0.8566666666666666,52.2,0,upper
210.21,67.92,67.92,276.21,276.21,130.56,0.4727,0.0888,True,True,True,0.1319,1992-2005,D,True,plurifamiliare,c.a. con laterizi,3,0.53,27.72,0,upper
140.62,90.78,90.78,377.95,377.95,285.18,0.7545,0.0519,True,True,True,0.0947,after 2007,D,True,blocco,c.a. con laterizi,3,0.7866666666666667,37.0,0,upper
85.74,90.62,25.12,353.16,95.38,148.11,0.4194,0.0668,True,True,True,0.4836,1986-1991,D,True,monofamiliare,muratura portante,3,0.6333333333333333,34.8,0,upper
175.19,36.57,13.95,135.44,52.09,58.53,0.4321,0.0577,True,True,True,0.2155,1976-1985,D,True,torre,mista (c.a. + laterizi),3,0.7399999999999999,7.3,0,upper
86.73,69.52,69.52,249.18,249.18,60.34,0.2422,0.0192,True,True,True,0.1567,after 2007,D,True,plurifamiliare,c.a. con laterizi,3,0.6066666666666667,54.099999999999994,0,upper
284.87,108.67,108.67,399.42,399.42,310.44,0.7772,0.0657,True,True,True,0.5211,1961-1975,D,True,plurifamiliare,c.a. con laterizi,3,0.52,31.9,0,upper
230.83,114.36,114.36,506.26,506.26,426.34,0.8421,0.1599,True,True,False,0.7898,1992-2005,D,False,in linea,c.a. con laterizi,2,0.98,15.67,0,ground
204.34,72.08,72.08,247.32,247.32,149.18,0.6032,0.0629,True,True,True,0.4816,1961-1975,D,True,plurifamiliare,c.a. con laterizi,3,0.5433333333333333,34.32,0,ground
19.68,146.98,80.76,659.22,360.41,437.56,0.6638,0.0128,True,True,True,0.0251,after 2007,D,True,altro,altro,4,0.8525,41.05,0,multi_floor
99.69,161.0,161.0,540.06,540.06,228.94,0.4239,0.038,True,True,True,0.4313,1992-2005,D,True,schiera,c.a. con laterizi,3,0.7633333333333333,61.0,0,multi_floor
15.54,93.46,80.69,383.33,330.47,274.98,0.7173,0.0177,True,True,True,0.0234,after 2007,D,True,altro,altro,4,0.78,24.45,0,upper
80.95,38.81,38.81,118.37,118.37,27.36,0.2311,0.0133,True,True,True,0.14,before 1930,D,True,plurifamiliare,muratura portante,3,0.5933333333333334,9.2,0,upper
88.78,100.19,100.19,433.5,433.5,223.95,0.5166,0.021,True,True,True,0.1585,1930-1945,D,True,in linea,muratura portante,3,0.6166666666666667,17.1,0,upper
153.51,53.74,48.38,216.64,195.56,113.55,0.5241,0.0925,True,True,True,0.5935,1961-1975,D,True,plurifamiliare,c.a. con laterizi,3,0.5299999999999999,15.86,0,upper
162.43,89.27,36.07,372.93,149.17,282.84,0.7584,0.0357,True,True,True,0.5251,1961-1975,D,True,in linea,c.a. con laterizi,3,0.7466666666666667,51.5,0,ground
201.47,110.34,110.34,480.95,480.95,370.85,0.7711,0.0251,True,True,True,0.4034,1992-2005,D,True,bifamiliare,muratura portante,3,0.9066666666666666,30.1,0,ground
309.23,25.89,25.89,116.44,116.44,121.8,1.046,0.2431,True,True,False,0.1249,1946-1960,D,False,in linea,muratura portante,3,0.875,8.05,0,ground
33.16,723.27,209.83,2754.25,680.3,888.46,0.3226,0.0131,True,True,True,0.0334,1986-1991,D,False,blocco,prefabbricata in c.a.,3,0.68,83.1,0,upper
177.1,69.24,59.03,229.92,195.76,57.08,0.2483,0.0583,True,True,True,0.4167,1992-2005,D,False,in linea,c.a. con laterizi,4,0.8733333333333334,53.440000000000005,0,upper
143.42,122.0,122.0,470.57,470.57,216.0,0.459,0.035,True,True,True,0.4501,1961-1975,D,True,plurifamiliare,c.a. con laterizi,3,0.5066666666666667,223.0,0,upper
180.09,61.96,61.96,236.15,236.15,184.27,0.7803,0.0632,True,True,True,0.4887,1992-2005,D,True,schiera,c.a. con laterizi,3,0.6433333333333334,33.9,0,ground
341.3,46.0,46.0,166.43,166.43,168.38,1.0117,0.0136,True,True,True,0.3992,1946-1960,D,True,plurifamiliare,muratura portante,3,0.7166666666666667,52.2,0,upper
224.64,64.09,64.09,244.13,244.13,234.81,0.9618,0.0378,True,True,True,0.1421,before 1930,D,True,plurifamiliare,muratura portante,3,0.7400000000000001,49.3,0,upper
84.67,140.0,140.0,578.0,578.0,173.24,0.2997,0.0891,True,False,True,0.4676,1946-1960,D,True,bifamiliare,c.a. con laterizi,2,0.8,63.58,0,upper
260.29,64.59,64.59,218.65,218.65,182.53,0.8348,0.096,True,True,True,0.1726,1992-2005,D,True,plurifamiliare,c.a. con laterizi,3,0.49333333333333335,31.32,0,upper
369.63,65.74,65.74,213.46,213.46,141.88,0.6647,0.2545,True,True,True,0.1319,1992-2005,D,True,plurifamiliare,c.a. con laterizi,3,0.5866666666666667,27.02,0,upper
500.88,25.42,25.42,94.5,94.5,66.82,0.7071,0.1944,True,True,False,0.4816,1961-1975,D,False,plurifamiliare,c.a. con laterizi,2,0.43999999999999995,4.62,0,ground
116.83,71.04,71.04,242.18,242.18,107.51,0.4439,0.0,True,True,True,0.6078,1986-1991,D,True,torre,c.a. con laterizi,3,0.7866666666666666,30.700000000000003,0,upper
405.71,24.27,24.27,91.8,91.8,66.87,0.7284,0.111,True,True,True,0.4816,1961-1975,D,False,plurifamiliare,c.a. con laterizi,3,0.48333333333333334,5.82,0,ground
157.05,85.97,85.97,317.07,317.07,140.16,0.442,0.0778,True,True,True,0.3662,1946-1960,D,True,blocco,c.a. con laterizi,3,0.7866666666666666,32.3,0,upper
326.86,134.54,134.54,511.58,511.58,404.82,0.7913,0.05,True,True,True,0.37,1961-1975,D,True,monofamiliare,c.a. con laterizi,3,0.5066666666666667,55.980000000000004,0,multi_floor
127.03,49.55,49.55,196.48,196.48,78.64,0.4002,0.0268,True,True,True,0.1337,1992-2005,D,True,blocco,c.a. con laterizi,3,0.7933333333333333,51.9,0,upper
66.12,86.77,86.77,301.52,301.52,146.28,0.4851,0.0219,True,True,True,0.1287,1986-1991,D,True,schiera,c.a. con laterizi,3,0.9733333333333333,15.91,0,ground
378.87,42.0,42.0,134.54,134.55,116.62,0.8668,0.0374,True,True,True,0.47,1930-1945,D,True,in linea,muratura portante,3,0.7533333333333334,53.0,0,upper
180.26,112.26,112.26,431.78,431.78,148.24,0.3433,0.0538,True,True,True,0.5245,1961-1975,E,True,plurifamiliare,muratura portante,3,0.83,46.7,0,upper
37.2,1411.83,1411.83,5411.39,5411.39,1962.07,0.3626,0.0145,True,True,True,0.5945,1946-1960,D,False,in linea,c.a. con laterizi,4,0.5425,68.5,0,multi_floor
118.33,74.85,74.85,209.75,209.75,132.28,0.6306,0.0544,True,True,True,0.01,after 2007,D,True,in linea,muratura portante,3,0.7666666666666667,56.0,0,upper
680.76,46.7,46.7,348.98,348.98,325.33,0.9322,0.2782,True,True,True,0.6398,1976-1985,D,False,plurifamiliare,c.a. con laterizi,3,0.6833333333333335,21.2,0,ground
255.72,135.93,19.06,518.15,72.97,460.99,0.8897,0.0518,True,True,True,0.1361,1986-1991,D,True,bifamiliare,muratura portante,3,0.5866666666666667,22.4,0,ground
71.61,129.87,41.27,524.71,169.88,187.72,0.3578,0.0285,True,True,True,0.1992,1961-1975,D,True,plurifamiliare,c.a. con laterizi,3,0.6466666666666666,44.44,0,upper
126.29,73.59,73.59,258.18,258.18,117.3,0.4543,0.0879,True,True,True,0.0681,after 2007,E,True,plurifamiliare,c.a. con laterizi,3,0.6133333333333333,363.8,0,upper
317.26,62.71,62.71,272.15,272.15,137.23,0.5042,0.0364,True,True,True,0.5399,1986-1991,D,False,plurifamiliare,c.a. con laterizi,4,0.53,51.9,0,upper
275.16,97.42,97.42,378.5,378.5,265.34,0.701,0.0605,True,False,False,0.6328,1976-1985,D,False,plurifamiliare,c.a. con laterizi,2,0.275,24.0,0,ground
420.62,55.5,55.5,202.63,202.63,104.04,0.5134,0.1101,True,True,True,0.1305,1986-1991,D,False,in linea,c.a. con laterizi,4,0.86,37.1,0,upper
141.77,44.2,44.2,180.96,180.96,105.58,0.5834,0.0526,True,True,True,0.0769,after 2007,D,True,plurifamiliare,c.a. con laterizi,3,0.68,32.5,0,upper
271.39,77.0,77.0,251.52,251.52,158.76,0.6312,0.0255,True,True,True,0.2984,1930-1945,E,True,monofamiliare,muratura portante,3,0.63,55.0,0,multi_floor
82.76,61.9,61.9,194.93,194.93,131.57,0.675,0.077,True,True,True,0.01,after 2007,D,True,in linea,c.a. con laterizi,3,0.58,167.8,0,ground
232.74,48.0,48.0,199.24,199.24,119.57,0.6001,0.0093,True,True,True,0.6498,1992-2005,D,True,in linea,c.a. con laterizi,3,0.57,53.0,0,ground
191.59,60.78,60.78,220.94,220.94,111.28,0.5037,0.1024,True,True,True,0.3404,2006-2007,D,True,blocco,c.a. con laterizi,3,0.9500000000000001,32.4,0,upper
174.11,56.0,56.0,222.95,222.95,182.54,0.8187,0.0514,True,True,True,1.2582,1961-1975,D,True,torre,c.a. con laterizi,3,0.6866666666666666,6.7,0,ground
296.06,59.45,59.45,287.36,287.36,208.04,0.724,0.1595,True,True,True,0.1175,1992-2005,D,False,altro,c.a. con laterizi,4,0.7366666666666667,53.49,0,upper
145.27,101.66,101.66,408.0,408.0,223.37,0.5475,0.0116,True,True,True,0.1489,1976-1985,D,True,plurifamiliare,c.a. con laterizi,3,0.7533333333333333,48.81,0,upper
188.48,40.64,40.64,146.17,146.17,87.62,0.5994,0.0556,True,True,True,0.5991,1961-1975,D,True,torre,muratura portante,3,0.8033333333333333,26.4,0,upper
136.23,93.08,93.08,349.51,349.51,128.21,0.3668,0.0078,True,True,True,0.2866,1961-1975,D,True,blocco,c.a. con laterizi,3,0.6766666666666667,446.8,0,upper
263.94,2159.37,146.48,15385.12,593.96,5756.3,0.3741,0.0806,True,True,True,1.0721,1986-1991,D,False,piastra,prefabbricata in c.a.,4,0.5933333333333334,42.02,0,unknown
163.17,326.99,326.99,1039.42,1039.42,955.95,0.9197,0.0335,True,True,True,0.269,2006-2007,E,False,in linea,c.a. con chiusure in pannelli prefabbricati,3,0.7433333333333333,182.8,0,upper
171.63,55.0,55.0,205.21,205.21,139.56,0.68,0.0229,True,True,True,0.541,1961-1975,D,True,blocco,legno,3,0.7199999999999999,7.6,0,upper
173.35,99.14,99.14,393.82,393.82,269.39,0.6841,0.0293,True,True,True,0.8311,1961-1975,D,True,plurifamiliare,c.a. con laterizi,3,0.84,35.45,0,upper
197.51,41.23,41.23,173.86,173.86,119.79,0.689,0.079,True,True,True,0.5781,1946-1960,D,False,plurifamiliare,muratura portante,4,0.5549999999999999,12.48,0,ground
208.62,49.0,49.0,188.02,188.02,147.23,0.783,0.0521,True,True,True,0.1609,before 1930,D,True,plurifamiliare,muratura portante,3,0.6666666666666666,53.1,0,upper
263.09,42.94,19.08,185.32,79.87,132.08,0.7127,0.0782,True,True,True,0.6773,1992-2005,D,True,blocco,c.a. con laterizi,3,0.5599999999999999,29.41,0,upper
63.25,214.02,90.82,1007.16,456.84,656.96,0.6523,0.0207,True,True,True,0.3221,1930-1945,D,True,monofamiliare,muratura portante,3,0.7733333333333333,60.0,0,multi_floor
200.37,68.19,68.19,310.32,310.32,268.72,0.8659,0.0301,True,True,True,0.0214,1986-1991,D,True,schiera,c.a. con laterizi,3,0.62,45.0,0,ground
101.01,80.24,80.24,240.72,240.72,76.65,0.3184,0.0918,True,True,True,0.3471,1961-1975,D,True,plurifamiliare,c.a. con laterizi,3,0.8966666666666666,50.79,0,upper
133.91,66.4,66.4,204.65,204.65,91.76,0.4484,0.0437,True,True,True,0.4171,1986-1991,D,True,in linea,muratura portante,3,0.6733333333333333,50.5,0,upper
77.2,60.94,60.94,247.46,247.46,161.88,0.6542,0.0361,True,True,True,0.0681,after 2007,D,True,in linea,muratura portante,3,0.94,262.6,0,upper
69.31,90.93,90.93,401.14,401.14,244.61,0.6098,0.065,True,True,True,0.0051,1961-1975,E,True,plurifamiliare,muratura portante,3,0.9199999999999999,51.3,0,upper
190.03,127.65,127.65,460.79,460.79,288.38,0.6259,0.0595,True,True,True,0.7324,1961-1975,D,True,in linea,muratura portante,3,0.8166666666666668,55.5,0,upper
76.0,58.6,35.2,203.77,123.53,90.13,0.4423,0.0705,True,True,True,0.049,1961-1975,D,True,plurifamiliare,c.a. con laterizi,3,0.85,54.300000000000004,0,upper
357.08,102.01,102.01,336.2,336.2,280.86,0.8354,0.0622,True,True,True,0.3117,before 1930,D,False,in linea,muratura portante,4,0.7175,19.7,0,ground
128.33,66.81,66.81,266.71,266.71,320.97,1.2034,0.0116,True,True,True,0.1144,before 1930,D,True,schiera,muratura portante,3,0.5866666666666668,52.3,0,upper
321.34,31.18,31.18,87.3,87.3,41.96,0.4806,0.1953,True,True,True,0.0252,before 1930,D,False,in linea,muratura portante,4,0.45999999999999996,10.08,0,ground
173.18,31.19,31.19,145.24,145.24,180.28,1.2413,0.0268,True,True,True,0.1023,before 1930,D,True,schiera,muratura portante,3,0.61,48.8,0,ground
165.54,51.98,21.72,187.08,76.3,110.78,0.5922,0.0,True,True,True,0.0,1976-1985,D,True,plurifamiliare,c.a. con laterizi,3,0.2833333333333334,57.3,0,ground
192.24,49.87,49.87,221.03,221.03,283.89,1.2844,0.0131,True,True,True,0.1115,before 1930,D,True,schiera,muratura portante,3,0.59,48.8,0,ground
59.06,81.14,75.54,331.16,308.31,193.45,0.5842,0.0097,True,True,True,0.1309,1961-1975,D,False,plurifamiliare,c.a. con laterizi,5,0.43,11.23,0,ground
115.05,74.13,74.13,285.39,285.39,162.17,0.5682,0.0948,True,True,True,0.4404,1976-1985,E,True,monofamiliare,muratura portante,3,0.7266666666666667,14.7,0,upper
264.13,47.38,47.38,180.32,180.32,72.08,0.3997,0.0451,True,True,True,0.101,1976-1985,D,True,plurifamiliare,muratura portante,3,0.3266666666666667,45.19,0,upper
50.57,58.06,58.06,238.55,238.55,146.1,0.6125,0.0346,True,True,True,0.0392,after 2007,D,True,plurifamiliare,c.a. con laterizi,3,0.9733333333333333,87.3,0,upper
308.62,61.64,61.64,238.37,238.37,266.11,1.1164,0.0395,True,True,True,0.6944,1961-1975,E,True,monofamiliare,muratura portante,3,0.65,30.4,0,ground
138.67,230.29,73.65,814.84,248.27,540.72,0.6636,0.0199,True,True,True,0.4001,1986-1991,D,True,plurifamiliare,c.a. con laterizi,3,0.5333333333333333,30.5,0,ground
220.33,41.68,41.68,173.48,173.48,83.38,0.4807,0.081,True,True,True,0.1972,1961-1975,D,True,plurifamiliare,muratura portante,3,0.5166666666666667,168.6,0,upper
66.62,192.01,192.01,659.06,659.06,527.28,0.8,0.0336,True,True,True,0.1343,2006-2007,D,True,monofamiliare,muratura portante,3,0.8266666666666667,56.0,0,multi_floor
109.23,99.67,74.2,367.23,283.73,66.83,0.182,0.0627,True,True,True,0.1779,1930-1945,D,True,in linea,muratura portante,3,0.58,40.0,0,upper
202.78,86.66,52.24,314.0,189.38,214.15,0.682,0.0447,True,True,True,0.7486,1976-1985,D,True,monofamiliare,muratura portante,3,0.7400000000000001,33.0,0,upper
132.46,63.7,63.7,230.32,230.32,96.8,0.4203,0.0587,True,True,True,0.2504,1986-1991,D,True,blocco,c.a. con laterizi,3,0.9066666666666667,51.62,0,upper
156.31,60.75,60.75,240.74,240.74,169.22,0.7029,0.0717,True,True,True,0.0936,after 2007,D,True,plurifamiliare,c.a. con laterizi,3,0.8266666666666667,51.9,0,upper
238.24,67.12,67.12,259.13,259.13,181.77,0.7015,0.0277,True,True,True,0.2666,1961-1975,D,True,blocco,c.a. con laterizi,3,0.7600000000000001,53.7,0,upper
276.81,216.34,216.34,971.0,971.0,528.86,0.5447,0.1165,True,True,True,0.4567,1946-1960,D,False,in linea,muratura portante,4,0.8125,76.8,0,ground
222.48,67.18,67.18,245.02,245.02,348.37,1.4218,0.032,True,True,True,0.078,1961-1975,D,False,in linea,muratura portante,3,0.7033333333333333,49.2,0,underground
139.17,85.49,77.51,435.35,397.6,268.22,0.6161,0.0655,True,True,True,0.0542,1930-1945,D,True,in linea,muratura portante,3,0.98,42.6,0,multi_floor
275.79,21.05,21.05,78.92,78.92,82.83,1.0495,0.0945,True,True,True,0.2539,1976-1985,D,True,schiera,c.a. con laterizi,3,0.3833333333333333,8.6,0,upper
102.89,98.25,98.25,292.79,292.79,124.5,0.4252,0.044,True,True,True,0.1568,1961-1975,D,True,plurifamiliare,muratura portante,3,0.9666666666666667,32.2,0,upper
72.62,777.45,777.45,2761.89,2761.89,1335.58,0.4836,0.026,True,True,True,0.1222,after 2007,D,False,altro,prefabbricata in c.a.,3,0.6866666666666666,140.4,0,unknown
128.26,98.58,98.58,266.17,266.17,215.38,0.8092,0.0599,True,True,True,0.1791,1986-1991,E,True,in linea,c.a. con laterizi,3,0.86,31.9,0,upper
196.57,72.1,72.1,264.93,264.94,188.17,0.7102,0.0286,True,True,True,0.121,1961-1975,D,True,plurifamiliare,mista (acciaio + muratura),3,0.7999999999999999,67.1,0,upper
96.63,88.42,29.29,324.59,110.2,199.41,0.6143,0.0768,True,True,True,0.2102,1992-2005,D,True,plurifamiliare,c.a. con laterizi,3,0.8533333333333334,51.4,0,ground
250.04,72.5,72.5,363.0,363.0,196.7,0.5419,0.0535,True,True,True,0.2303,1946-1960,E,True,in linea,muratura portante,3,0.63,28.5,0,upper
187.58,100.94,42.28,380.57,157.07,271.04,0.7122,0.0246,True,True,True,0.1492,1986-1991,D,True,plurifamiliare,muratura portante,3,0.5266666666666667,35.72,0,upper
162.73,53.99,53.99,195.49,195.49,97.04,0.4964,0.0405,True,True,True,0.1361,1946-1960,D,True,plurifamiliare,muratura portante,3,0.77,53.7,0,upper
186.22,61.05,61.05,241.09,241.09,137.98,0.5723,0.0355,True,True,True,0.0463,1992-2005,D,True,plurifamiliare,c.a. con laterizi,3,0.5466666666666666,31.98,0,ground
176.52,48.86,48.86,195.16,195.16,169.82,0.8701,0.0151,True,True,True,0.5938,1976-1985,D,True,in linea,muratura portante,3,0.5533333333333333,7.0,0,ground
213.73,199.2,199.2,800.68,800.68,554.88,0.693,0.0802,True,True,True,0.7066,1992-2005,E,True,monofamiliare,c.a. con laterizi,3,0.7733333333333333,83.6,0,multi_floor
56.18,38.67,38.67,205.81,205.81,198.88,0.9663,0.0202,True,True,True,0.1313,1930-1945,D,True,in linea,muratura portante,3,0.75,6.3,0,ground
224.28,38.83,38.83,154.82,154.82,113.8,0.7351,0.067,True,True,True,0.466,1976-1985,D,True,in linea,c.a. con laterizi,3,0.5366666666666666,12.33,0,multi_floor
300.25,75.56,75.56,312.42,312.42,246.38,0.7886,0.0919,True,True,True,0.4227,1986-1991,D,False,plurifamiliare,muratura portante,4,0.6966666666666667,54.9,0,ground
194.09,187.6,187.6,787.63,787.63,537.29,0.6822,0.0548,True,True,True,0.6041,1930-1945,E,True,monofamiliare,muratura portante,3,0.7233333333333333,78.0,0,multi_floor
89.61,107.23,107.23,395.89,395.89,272.35,0.688,0.0143,True,True,True,0.3267,1976-1985,D,True,in linea,c.a. con laterizi,3,0.7333333333333334,58.6,0,upper
245.38,372.4,372.4,1656.81,1656.81,484.99,0.2927,0.0272,True,True,True,0.8834,1946-1960,D,False,monofamiliare,muratura portante,5,0.6966666666666667,22.15,0,ground
474.11,1585.83,1585.83,7458.08,7458.08,1870.69,0.2508,0.0173,True,True,True,0.4151,1946-1960,D,False,monofamiliare,muratura portante,6,0.6966666666666667,61.87,0,ground
281.98,52.83,52.83,249.75,249.75,105.81,0.4237,0.0297,True,True,False,0.274,1946-1960,D,False,monofamiliare,muratura portante,4,0.8999999999999999,107.97,0,ground
319.36,115.5,39.54,450.76,157.85,439.94,0.976,0.036,True,True,True,0.1361,1961-1975,D,True,monofamiliare,muratura portante,3,0.6,52.35,0,upper
206.54,75.83,75.83,355.84,355.84,50.75,0.1426,0.0189,True,True,False,0.0306,1946-1960,D,False,monofamiliare,muratura portante,4,0.8999999999999999,150.77,0,upper
224.92,43.45,43.45,215.87,215.87,58.57,0.2713,0.0276,True,True,False,0.2991,1946-1960,D,False,monofamiliare,muratura portante,4,0.8999999999999999,150.8,0,upper
35.12,54.13,54.13,259.05,259.05,129.7,0.5007,0.0115,True,True,True,0.0212,1961-1975,D,True,plurifamiliare,c.a. con laterizi,3,0.5433333333333333,21.65,0,ground
529.27,24.65,24.65,85.2,85.2,107.59,1.2628,0.0132,True,True,True,2.3769,1986-1991,D,True,in linea,muratura portante,3,0.61,4.5,1,ground
148.0,75.78,36.61,291.05,137.46,115.74,0.3977,0.0411,True,True,True,0.4097,1946-1960,D,True,plurifamiliare,c.a. con laterizi,3,0.7233333333333333,34.0,0,upper
168.85,117.6,117.6,527.63,527.63,132.5,0.2511,0.0561,True,True,True,0.1248,before 1930,E,False,monofamiliare,muratura portante,3,0.5666666666666667,25.79,0,multi_floor
98.02,34.8,34.8,123.86,123.86,57.11,0.4611,0.048,True,True,True,0.3812,1976-1985,D,True,in linea,c.a. con laterizi,3,0.8266666666666667,8.2,0,upper
86.99,161.2,161.2,625.26,625.26,155.93,0.2494,0.0493,True,True,True,0.5737,1961-1975,D,True,plurifamiliare,c.a. con laterizi,3,0.84,31.3,0,upper
164.96,73.43,73.43,261.39,261.39,65.69,0.2513,0.0181,True,True,True,0.128,1992-2005,D,True,plurifamiliare,c.a. con laterizi,3,0.5166666666666667,49.5,0,upper
75.36,75.03,27.8,254.01,91.24,159.62,0.6284,0.058,True,True,True,0.1657,1992-2005,D,True,blocco,mista (c.a. + laterizi),3,0.7633333333333333,51.0,0,upper
202.04,67.94,67.94,261.29,261.29,207.47,0.794,0.0161,True,True,True,0.4258,1961-1975,D,True,plurifamiliare,c.a. con laterizi,3,0.7366666666666667,38.7,0,upper
243.24,238.96,238.96,849.67,849.67,700.44,0.8244,0.1001,True,True,True,0.1973,1992-2005,D,False,altro,prefabbricata in c.a.,4,0.7799999999999999,113.88,0,multi_floor
115.33,148.22,148.22,556.97,556.97,181.64,0.3261,0.0185,True,True,True,0.2958,1961-1975,D,True,blocco,c.a. con laterizi,3,0.7633333333333333,69.19999999999999,0,upper
173.85,43.0,43.0,123.53,123.53,43.0,0.348,0.008,True,True,True,0.14,1961-1975,D,True,schiera,legno,3,0.5166666666666666,5.2,1,underground
254.19,200.0,200.0,802.18,802.18,200.0,0.2493,0.0036,True,True,True,0.541,1961-1975,D,True,schiera,legno,3,0.5066666666666667,74.0,0,multi_floor
130.74,130.81,64.12,565.01,262.25,447.13,0.7914,0.0459,True,True,True,0.2872,1992-2005,D,True,monofamiliare,muratura portante,3,0.9900000000000001,47.2,0,multi_floor
142.69,53.45,53.45,224.88,224.88,123.66,0.5499,0.0451,True,True,True,0.0608,before 1930,D,True,in linea,muratura portante,3,0.82,50.5,0,upper
71.2,170.0,170.0,742.1,742.1,217.48,0.2931,0.0487,True,True,False,0.1253,1992-2005,D,False,schiera,c.a. con chiusure in pannelli prefabbricati,3,0.615,27.0,0,ground
200.17,61.0,61.0,273.0,273.0,105.74,0.3873,0.1357,True,True,False,0.1253,1992-2005,D,False,schiera,c.a. con chiusure in pannelli prefabbricati,3,0.56,21.0,0,ground
221.14,30.25,30.25,116.99,116.99,74.62,0.6378,0.0427,True,True,True,0.6101,1946-1960,D,True,in linea,c.a. con laterizi,3,0.48,13.2,0,upper
94.13,111.36,111.36,391.39,391.39,232.1,0.593,0.0661,True,True,True,0.1478,after 2007,D,True,plurifamiliare,c.a. con laterizi,3,0.9366666666666666,55.599999999999994,0,multi_floor
153.77,69.18,26.51,296.11,111.63,293.97,0.9928,0.0858,True,True,True,0.3656,1961-1975,D,True,plurifamiliare,c.a. con laterizi,3,0.7533333333333333,9.3,0,upper
101.9,106.18,106.18,373.26,373.26,227.84,0.6104,0.0956,True,False,True,0.2513,1986-1991,D,True,altro,altro,2,0.825,48.2,0,unknown
47.25,85.16,64.1,393.14,282.18,219.84,0.5592,0.0092,True,True,True,0.1375,1961-1975,D,False,plurifamiliare,c.a. con laterizi,4,0.7675,12.52,0,ground
135.58,95.45,28.94,465.22,153.25,374.22,0.8044,0.011,True,True,True,0.2817,before 1930,D,True,monofamiliare,muratura portante,3,0.6066666666666667,46.4,0,multi_floor
179.44,112.59,112.59,449.17,449.17,428.98,0.955,0.0608,True,True,True,1.9249,1961-1975,D,True,torre,c.a. con laterizi,3,0.8533333333333334,213.5,0,upper
60.73,100.34,81.81,365.24,298.66,142.9,0.3913,0.0095,True,True,True,0.0053,1986-1991,D,True,monofamiliare,muratura portante,3,0.7000000000000001,36.900000000000006,0,upper
67.2,100.71,26.5,383.61,100.26,272.84,0.7112,0.0087,True,True,True,0.0052,1986-1991,D,True,monofamiliare,muratura portante,3,0.64,44.89,0,upper
273.96,146.6,146.6,546.31,546.31,342.64,0.6272,0.0366,True,True,True,0.5968,1992-2005,D,False,in linea,muratura portante,4,0.5625,54.0,0,multi_floor
493.17,42.01,42.01,109.2,109.2,142.0,1.3003,0.0233,True,True,True,1.1101,before 1930,D,True,in linea,muratura portante,3,0.6766666666666666,53.3,0,upper
178.61,103.19,103.19,406.69,406.69,266.31,0.6548,0.0588,True,True,True,0.1213,1946-1960,E,True,plurifamiliare,muratura portante,3,0.49666666666666665,52.0,0,upper
53.71,73.33,73.33,268.97,268.97,168.71,0.6272,0.0107,True,True,True,0.0077,1992-2005,D,True,plurifamiliare,c.a. con laterizi,3,0.9,28.5,0,upper
187.21,103.93,103.93,396.53,396.53,134.45,0.3391,0.0859,True,True,True,0.1097,1946-1960,E,True,plurifamiliare,muratura portante,3,0.6900000000000001,38.9,0,upper
177.18,37.41,37.41,141.27,141.27,107.54,0.7612,0.0674,True,True,True,0.2265,1992-2005,D,True,monofamiliare,muratura portante,3,0.47,9.6,0,ground
155.93,41.94,41.94,151.58,151.58,79.06,0.5216,0.0638,True,True,True,0.2364,1992-2005,D,True,monofamiliare,muratura portante,3,0.43999999999999995,12.0,0,ground
142.54,78.64,78.64,310.79,310.79,214.26,0.6894,0.023,True,True,True,0.0961,after 2007,D,True,blocco,c.a. con laterizi,3,0.64,34.8,0,upper
179.81,33.66,33.66,140.0,140.0,26.4,0.1886,0.055,True,False,True,0.2918,1961-1975,D,True,in linea,muratura portante,2,0.625,36.24,0,ground
144.34,33.66,33.66,140.0,140.0,26.4,0.1886,0.0513,True,False,True,0.2918,1961-1975,D,True,in linea,muratura portante,2,0.615,36.24,0,upper
75.19,42.49,42.49,148.9,148.9,24.47,0.1643,0.0222,True,True,True,0.4031,1976-1985,D,True,schiera,c.a. con laterizi,3,0.57,83.7,0,ground
155.69,61.07,61.07,281.0,281.0,195.21,0.6947,0.0092,True,True,True,0.3083,1976-1985,D,True,schiera,c.a. con laterizi,3,0.61,83.7,0,underground
